post_id,platform,content_type,Content Type Clean,topic,language,region,post_datetime,hashtags,views,likes,comments,shares,engagement_rate,sentiment_score,is_viral,Total Engagement,Engagement Category
SM_101741,X,carousel,Carousel,Technology,en,UK,28-09-2024 00:00,#trending #news,10886986,494863,49805,88535,5.82%,0.25,1,633203,High Engagement
SM_101599,TikTok,image,Image,Technology,en,Pakistan,07-03-2024 00:00,#fyp #funny,2471775,494355,46384,90199,25.53%,-0.79,1,630938,High Engagement
SM_101130,YouTube Shorts,image,Image,Politics,hi,Pakistan,16-06-2024 00:00,#viral #fyp #funny #news #trending,12768574,491099,43466,93475,4.92%,-0.74,1,628040,Low Engagement
SM_100648,Instagram,text,Text,Sports,fr,India,24-12-2024 00:00,#fyp #tech #ai #funny,7871392,491962,32179,99752,7.93%,0.82,1,623893,High Engagement
SM_100903,Instagram,video,Video,Technology,hi,Brazil,02-07-2024 00:00,#trending #tech #viral #ai,10944274,475838,44786,96008,5.63%,0.54,1,616632,High Engagement
SM_100923,YouTube Shorts,text,Text,Entertainment,hi,US,01-07-2024 00:00,#news #tech #ai,6917288,494092,27258,92421,8.87%,0.77,1,613771,High Engagement
SM_101317,YouTube Shorts,carousel,Carousel,Education,en,India,02-04-2024 00:00,#trending #music #viral,3363150,480450,37485,95240,18.23%,-0.9,1,613175,High Engagement
SM_101899,TikTok,carousel,Carousel,Education,hi,India,12-01-2024 00:00,#tech #trending,12987432,481016,49873,79333,4.70%,-0.16,1,610222,Low Engagement
SM_100564,YouTube Shorts,text,Text,Lifestyle,hi,Pakistan,10-12-2024 00:00,#viral #fyp,7400295,493353,30259,84046,8.21%,0.48,1,607658,High Engagement
SM_101500,TikTok,image,Image,Entertainment,es,US,27-04-2024 00:00,#music #fyp #news #trending,2330470,466094,42030,99509,26.07%,-0.57,1,607633,High Engagement
SM_101816,X,text,Text,Politics,es,US,10-11-2024 00:00,#tech #fyp #music #trending,4408740,489860,46636,67360,13.70%,-0.8,1,603856,High Engagement
SM_101430,TikTok,text,Text,Lifestyle,ur,Brazil,20-04-2024 00:00,#viral #fyp #news,12956424,498324,15901,89354,4.66%,0.35,1,603579,Low Engagement
SM_100743,YouTube Shorts,text,Text,Education,ur,India,04-11-2024 00:00,#funny #music #viral #news,3855384,481923,38338,80906,15.59%,0.25,1,601167,High Engagement
SM_100905,TikTok,image,Image,Education,ur,UK,14-05-2024 00:00,#trending #news,2377650,475530,38261,85948,25.22%,0.79,1,599739,High Engagement
SM_101054,Instagram,video,Video,Lifestyle,fr,Brazil,21-10-2024 00:00,#music #trending #tech #funny #viral,9473628,498612,27564,72308,6.32%,0.82,1,598484,High Engagement
SM_101629,X,video,Video,Technology,ur,UK,03-09-2024 00:00,#music #viral #ai #news,8832384,490688,37482,70310,6.78%,1,1,598480,High Engagement
SM_101546,X,image,Image,Education,en,India,08-04-2024 00:00,#funny #ai #fyp #trending,3967984,495998,11187,90370,15.06%,0.5,1,597555,High Engagement
SM_100754,TikTok,video,Video,Entertainment,hi,UK,14-10-2024 00:00,#fyp #viral #news #trending #tech,8333111,490183,16214,90931,7.17%,-0.16,1,597328,High Engagement
SM_101050,TikTok,text,Text,Lifestyle,ur,India,03-04-2024 00:00,#news #tech,9698960,484948,41120,71129,6.16%,0.23,1,597197,High Engagement
SM_100394,X,carousel,Carousel,Education,es,Brazil,19-07-2024 00:00,#music #tech #viral #ai,5425926,493266,32786,70136,10.99%,-0.28,1,596188,High Engagement
SM_100283,Instagram,video,Video,Lifestyle,ur,UK,10-09-2024 00:00,#viral #music #ai #trending,4999830,499983,9655,85470,11.90%,0.18,1,595108,High Engagement
SM_100008,YouTube Shorts,text,Text,Sports,es,Pakistan,03-03-2024 00:00,#music #tech #news #trending,3916736,489592,14507,87314,15.10%,0.88,1,591413,High Engagement
SM_100872,X,carousel,Carousel,Technology,fr,Pakistan,03-11-2024 00:00,#tech #fyp,12949352,498052,46225,46164,4.56%,0.47,1,590441,Low Engagement
SM_101529,Instagram,text,Text,Politics,fr,India,18-03-2024 00:00,#viral #trending,11902900,476116,44779,68686,4.95%,0.53,1,589581,Low Engagement
SM_100296,YouTube Shorts,text,Text,Entertainment,fr,UK,23-02-2024 00:00,#trending #fyp #news #music,13195386,488718,2988,97242,4.46%,-0.19,1,588948,Low Engagement
SM_100706,TikTok,video,Video,Sports,en,India,15-05-2024 00:00,#funny #fyp #viral,13119848,468566,19845,99932,4.48%,1,1,588343,Low Engagement
SM_101995,YouTube Shorts,text,Text,Sports,es,US,11-02-2024 00:00,#funny #music #ai,14112183,486627,9430,91550,4.16%,-0.54,1,587607,Low Engagement
SM_101254,X,carousel,Carousel,Sports,ur,Brazil,13-03-2024 00:00,#ai #viral,3798544,474818,31102,81419,15.46%,-0.6,1,587339,High Engagement
SM_100032,Instagram,text,Text,Entertainment,ur,UK,24-10-2024 00:00,#tech #ai,11719656,488319,29728,69164,5.01%,0.79,1,587211,High Engagement
SM_101882,TikTok,text,Text,Sports,fr,US,05-08-2024 00:00,#funny #tech #music #news,5459410,496310,38894,51429,10.75%,-0.59,1,586633,High Engagement
SM_101508,Instagram,video,Video,Sports,en,Brazil,28-03-2024 00:00,#trending #ai #news #tech,11612664,483861,27680,72268,5.03%,-0.4,1,583809,High Engagement
SM_100855,Instagram,image,Image,Entertainment,ur,Pakistan,07-03-2024 00:00,#news #trending #fyp #ai #tech,9422233,495907,12117,75226,6.19%,0.01,1,583250,High Engagement
SM_101870,X,image,Image,Politics,en,Brazil,15-11-2024 00:00,#fyp #tech,13396266,496158,18613,67263,4.34%,-0.56,1,582034,Low Engagement
SM_100800,YouTube Shorts,video,Video,Sports,es,Brazil,01-09-2024 00:00,#viral #fyp #funny #tech #ai,7819456,459968,43532,77228,7.43%,-0.9,1,580728,High Engagement
SM_100463,Instagram,text,Text,Entertainment,hi,UK,09-12-2024 00:00,#fyp #news #funny,3497193,499599,35201,45114,16.58%,-0.62,1,579914,High Engagement
SM_100211,Instagram,carousel,Carousel,Entertainment,es,UK,03-11-2024 00:00,#music #funny #ai,5251092,477372,43308,59208,11.04%,0.43,1,579888,High Engagement
SM_100825,Instagram,image,Image,Politics,es,UK,08-05-2024 00:00,#trending #tech #viral #music,5163103,469373,43415,66669,11.22%,0.79,1,579457,High Engagement
SM_100348,Instagram,image,Image,Entertainment,fr,Brazil,26-02-2024 00:00,#ai #fyp #funny #music,10892664,453861,46771,78798,5.32%,0.31,1,579430,High Engagement
SM_101652,YouTube Shorts,video,Video,Entertainment,ur,US,22-08-2024 00:00,#news #tech #funny #ai,9546380,477319,34813,67289,6.07%,-0.15,1,579421,High Engagement
SM_101026,X,image,Image,Politics,hi,US,18-05-2024 00:00,#tech #funny #viral #news #fyp,13878066,478554,25571,73194,4.16%,0.43,1,577319,Low Engagement
SM_101052,X,image,Image,Lifestyle,en,Pakistan,07-08-2024 00:00,#funny #music,8775648,487536,39524,49650,6.57%,0.66,1,576710,High Engagement
SM_101379,X,carousel,Carousel,Sports,ur,Pakistan,11-03-2024 00:00,#ai #news #music #trending,10774373,468451,44467,61383,5.33%,-0.14,1,574301,High Engagement
SM_101628,TikTok,carousel,Carousel,Politics,en,US,02-11-2024 00:00,#fyp #music #ai #tech #viral,13034736,482768,41513,49991,4.41%,-0.21,1,574272,Low Engagement
SM_101931,TikTok,video,Video,Technology,hi,Pakistan,20-11-2024 00:00,#ai #music #funny #tech,9991580,499579,44753,29378,5.74%,-0.48,1,573710,High Engagement
SM_100402,YouTube Shorts,carousel,Carousel,Entertainment,hi,Pakistan,05-11-2024 00:00,#tech #ai #fyp #funny #viral,9764328,464968,15568,92325,5.87%,0.69,1,572861,High Engagement
SM_101217,Instagram,video,Video,Entertainment,ur,Brazil,30-01-2024 00:00,#tech #viral #fyp,3383387,483341,17632,71233,16.91%,0.62,1,572206,High Engagement
SM_100385,Instagram,image,Image,Entertainment,es,India,11-02-2024 00:00,#tech #funny #ai,13043996,465857,46809,59322,4.39%,-0.15,1,571988,Low Engagement
SM_101607,Instagram,image,Image,Entertainment,es,UK,03-11-2024 00:00,#ai #music #trending #funny,2355840,471168,35192,65035,24.25%,1,1,571395,High Engagement
SM_100188,Instagram,image,Image,Lifestyle,es,Pakistan,12-10-2024 00:00,#fyp #music,4747650,474765,35245,60005,12.01%,0.8,1,570015,High Engagement
SM_101213,TikTok,carousel,Carousel,Lifestyle,en,US,10-02-2024 00:00,#fyp #viral,11328489,492543,13336,63928,5.03%,0.67,1,569807,High Engagement
SM_101760,X,image,Image,Education,ur,US,24-11-2024 00:00,#ai #funny #viral #news #fyp,5185378,471398,26584,71622,10.98%,-0.32,1,569604,High Engagement
SM_101536,TikTok,text,Text,Education,es,India,16-08-2024 00:00,#news #trending,11112648,463027,30524,74711,5.11%,-0.09,1,568262,High Engagement
SM_101789,X,video,Video,Technology,hi,Pakistan,25-05-2024 00:00,#tech #trending #ai,13973960,499070,11100,57573,4.06%,0.29,1,567743,Low Engagement
SM_101812,Instagram,image,Image,Entertainment,hi,India,04-02-2024 00:00,#funny #trending #fyp,2544090,424015,44257,98683,22.29%,0.86,1,566955,High Engagement
SM_101590,X,image,Image,Sports,es,Brazil,31-07-2024 00:00,#tech #news #trending #funny #ai,4895638,445058,40527,81133,11.58%,-0.41,1,566718,High Engagement
SM_101491,X,carousel,Carousel,Entertainment,hi,UK,14-10-2024 00:00,#viral #music,6665160,444344,27205,95108,8.50%,0.39,1,566657,High Engagement
SM_100335,TikTok,text,Text,Sports,fr,India,29-03-2024 00:00,#tech #funny #news,6357936,489072,9887,66673,8.90%,0.26,1,565632,High Engagement
SM_101487,X,image,Image,Education,fr,India,23-01-2024 00:00,#news #tech #trending #ai,9130317,480543,24909,59936,6.19%,0.76,1,565388,High Engagement
SM_101002,YouTube Shorts,video,Video,Politics,fr,US,06-07-2024 00:00,#viral #fyp,12595996,449857,47274,68227,4.49%,0.91,1,565358,Low Engagement
SM_101641,X,carousel,Carousel,Technology,fr,Pakistan,22-09-2024 00:00,#music #ai #tech,13004964,464463,40862,59841,4.35%,-0.71,1,565166,Low Engagement
SM_101039,X,text,Text,Technology,en,Pakistan,20-05-2024 00:00,#trending #tech #ai #fyp #music,5908068,492339,8602,63910,9.56%,0.12,1,564851,High Engagement
SM_101066,TikTok,image,Image,Education,en,Brazil,04-12-2024 00:00,#fyp #funny,4963830,496383,10239,57617,11.37%,0.36,1,564239,High Engagement
SM_100582,Instagram,text,Text,Sports,fr,Pakistan,18-10-2024 00:00,#trending #viral,14371791,495579,45956,22670,3.93%,-0.01,1,564205,Low Engagement
SM_100630,YouTube Shorts,video,Video,Education,hi,US,27-02-2024 00:00,#viral #news #trending #music,4766130,476613,15228,72238,11.84%,-0.55,1,564079,High Engagement
SM_100981,Instagram,video,Video,Sports,hi,Brazil,28-02-2024 00:00,#viral #tech #trending,10362072,431753,35508,96283,5.44%,0.81,1,563544,High Engagement
SM_100971,X,carousel,Carousel,Entertainment,ur,UK,13-06-2024 00:00,#music #trending #tech #ai,8664246,481347,37024,44949,6.50%,-0.56,1,563320,High Engagement
SM_101564,Instagram,image,Image,Sports,fr,Brazil,13-10-2024 00:00,#music #trending #tech #viral,2086650,417330,49244,96473,26.98%,0.5,1,563047,High Engagement
SM_100095,Instagram,text,Text,Entertainment,es,Brazil,01-06-2024 00:00,#news #fyp #music,4403673,489297,13250,60404,12.78%,-0.05,1,562951,High Engagement
SM_100720,YouTube Shorts,video,Video,Education,es,India,06-12-2024 00:00,#tech #news #music #trending #viral,2951998,421714,41867,98669,19.05%,-0.6,1,562250,High Engagement
SM_100485,X,image,Image,Sports,hi,Brazil,21-09-2024 00:00,#ai #tech,8227008,457056,29989,73823,6.82%,-0.72,1,560868,High Engagement
SM_100973,Instagram,video,Video,Sports,en,India,08-09-2024 00:00,#trending #news #tech,13306950,492850,43400,24032,4.21%,0.97,1,560282,Low Engagement
SM_100952,YouTube Shorts,text,Text,Politics,es,US,29-07-2024 00:00,#trending #fyp #viral,6738410,481315,45281,33403,8.31%,-0.36,1,559999,High Engagement
SM_100061,X,carousel,Carousel,Entertainment,ur,US,14-09-2024 00:00,#music #tech #trending,2197650,439530,33991,86417,25.48%,0.09,1,559938,High Engagement
SM_100698,YouTube Shorts,text,Text,Entertainment,hi,India,23-07-2024 00:00,#ai #viral #trending #music,4256910,472990,2174,84093,13.14%,0.91,1,559257,High Engagement
SM_100965,Instagram,text,Text,Education,hi,UK,17-11-2024 00:00,#ai #tech #viral #news,7749246,455838,38717,64552,7.21%,-0.57,1,559107,High Engagement
SM_101364,TikTok,text,Text,Lifestyle,fr,US,08-10-2024 00:00,#tech #funny #viral #music,12565228,483278,35432,40278,4.45%,0.49,1,558988,Low Engagement
SM_100164,X,text,Text,Politics,hi,Pakistan,13-10-2024 00:00,#news #funny,2382835,476567,28925,53414,23.46%,0.57,1,558906,High Engagement
SM_101755,TikTok,carousel,Carousel,Politics,es,US,02-09-2024 00:00,#music #trending #fyp,9157344,436064,37090,85375,6.10%,-0.93,1,558529,High Engagement
SM_100366,X,carousel,Carousel,Sports,en,US,17-11-2024 00:00,#tech #ai,11585210,445585,38564,74320,4.82%,0.24,1,558469,Low Engagement
SM_101661,X,video,Video,Technology,ur,Pakistan,04-04-2024 00:00,#fyp #ai #music #trending #funny,4955500,450500,21607,85946,11.26%,-0.74,1,558053,High Engagement
SM_100291,TikTok,image,Image,Sports,fr,Pakistan,29-12-2024 00:00,#tech #viral #fyp #funny #news,11890650,475626,44818,37199,4.69%,0.46,1,557643,Low Engagement
SM_100716,Instagram,text,Text,Technology,ur,Pakistan,01-09-2024 00:00,#trending #viral #music #funny #news,3773768,471721,7171,78519,14.77%,-0.43,1,557411,High Engagement
SM_100369,Instagram,text,Text,Technology,en,US,23-07-2024 00:00,#fyp #trending #news #ai,12406810,477185,23121,56986,4.49%,-0.36,1,557292,Low Engagement
SM_100931,X,text,Text,Education,hi,UK,02-10-2024 00:00,#viral #fyp,6286046,483542,43944,29346,8.86%,-0.58,1,556832,High Engagement
SM_101828,TikTok,video,Video,Entertainment,hi,Brazil,11-10-2024 00:00,#viral #funny #news #fyp,7476416,467276,35015,54155,7.44%,0.74,1,556446,High Engagement
SM_101407,YouTube Shorts,video,Video,Lifestyle,en,Pakistan,01-10-2024 00:00,#funny #news #tech,9419649,495771,41684,18985,5.91%,0.52,1,556440,High Engagement
SM_101399,Instagram,carousel,Carousel,Entertainment,hi,India,30-04-2024 00:00,#news #funny #music,2157110,431422,45245,79738,25.79%,0.02,1,556405,High Engagement
SM_101267,YouTube Shorts,text,Text,Sports,hi,US,03-09-2024 00:00,#tech #music #news #funny #viral,5991882,460914,41803,53474,9.28%,0.81,1,556191,High Engagement
SM_100250,YouTube Shorts,video,Video,Sports,fr,Pakistan,13-09-2024 00:00,#ai #viral #fyp #tech #trending,2465505,493101,10098,52604,22.54%,-0.95,1,555803,High Engagement
SM_101019,Instagram,video,Video,Sports,en,Brazil,18-12-2024 00:00,#ai #music,3966032,495754,44576,15409,14.01%,0.35,1,555739,High Engagement
SM_101370,X,image,Image,Sports,fr,US,18-04-2024 00:00,#news #music #ai #funny #viral,4234995,470555,13334,71793,13.12%,0.37,1,555682,High Engagement
SM_101449,Instagram,image,Image,Politics,ur,Pakistan,03-12-2024 00:00,#ai #music #viral #trending #tech,7441800,496120,1177,58233,7.46%,0.41,1,555530,High Engagement
SM_100689,YouTube Shorts,carousel,Carousel,Technology,fr,Pakistan,17-04-2024 00:00,#tech #ai #viral,4230216,470024,16395,68804,13.13%,0.78,1,555223,High Engagement
SM_100419,X,carousel,Carousel,Politics,en,Pakistan,28-11-2024 00:00,#tech #viral #trending,2498765,499753,49731,5705,22.22%,-0.19,1,555189,High Engagement
SM_100889,Instagram,video,Video,Entertainment,hi,India,10-02-2024 00:00,#trending #viral,2360850,472170,17205,65619,23.51%,-0.56,1,554994,High Engagement
SM_100312,TikTok,text,Text,Technology,en,Pakistan,28-07-2024 00:00,#music #trending #ai,10920078,474786,38202,41845,5.08%,0.03,1,554833,High Engagement
SM_100253,Instagram,carousel,Carousel,Technology,en,Brazil,10-12-2024 00:00,#trending #fyp #tech #music #funny,11006558,478546,3305,72259,5.03%,0.31,1,554110,High Engagement
SM_101300,Instagram,carousel,Carousel,Education,es,Pakistan,14-01-2024 00:00,#tech #fyp #ai,4673400,467340,34954,51449,11.85%,-0.82,1,553743,High Engagement
SM_100646,TikTok,image,Image,Entertainment,en,UK,24-09-2024 00:00,#music #ai #funny #fyp,5991648,460896,7373,85437,9.24%,0.34,1,553706,High Engagement
SM_100050,X,carousel,Carousel,Entertainment,hi,Brazil,20-04-2024 00:00,#fyp #news #tech #ai,6537608,466972,39389,47255,8.47%,-0.48,1,553616,High Engagement
SM_101409,X,image,Image,Technology,ur,US,12-11-2024 00:00,#trending #ai #news #tech,4883263,443933,21123,88178,11.33%,-0.17,1,553234,High Engagement
SM_101601,TikTok,image,Image,Education,fr,UK,10-05-2024 00:00,#tech #trending,3785580,420620,36308,96059,14.61%,0.3,1,552987,High Engagement
SM_100044,X,carousel,Carousel,Technology,ur,UK,26-03-2024 00:00,#news #funny #music #ai #viral,11580374,445399,40550,65734,4.76%,0.07,1,551683,Low Engagement
SM_100557,TikTok,image,Image,Politics,fr,Brazil,28-11-2024 00:00,#viral #news #music,8170542,453919,28736,68927,6.75%,-0.7,1,551582,High Engagement
SM_100081,Instagram,carousel,Carousel,Lifestyle,ur,US,26-08-2024 00:00,#viral #music #ai #trending,4499770,449977,31029,70314,12.25%,-0.39,1,551320,High Engagement
SM_101062,TikTok,carousel,Carousel,Education,hi,US,19-04-2024 00:00,#viral #news,10309970,468635,37258,45398,5.35%,-0.36,1,551291,High Engagement
SM_101211,TikTok,text,Text,Education,en,US,13-04-2024 00:00,#fyp #news #music #ai,10910040,454585,10455,85960,5.05%,0.1,1,551000,High Engagement
SM_100970,Instagram,video,Video,Politics,es,US,10-08-2024 00:00,#ai #fyp #funny,2225965,445193,12231,93406,24.75%,0.06,1,550830,High Engagement
SM_101427,Instagram,video,Video,Technology,ur,US,04-12-2024 00:00,#news #fyp #funny,3024546,432078,23605,94775,18.20%,0.97,1,550458,High Engagement
SM_101692,TikTok,text,Text,Entertainment,en,Brazil,02-06-2024 00:00,#news #trending #viral #funny #tech,5148120,429010,40055,81172,10.69%,0.73,1,550237,High Engagement
SM_100574,Instagram,image,Image,Technology,ur,Pakistan,30-12-2024 00:00,#music #fyp #news,6637582,474113,1436,74604,8.29%,-0.44,1,550153,High Engagement
SM_100571,Instagram,text,Text,Sports,ur,UK,10-03-2024 00:00,#tech #trending #fyp #ai,12598040,449930,5110,94849,4.36%,0.46,1,549889,Low Engagement
SM_100442,X,carousel,Carousel,Sports,fr,Pakistan,29-12-2024 00:00,#ai #funny #tech #viral,6752732,482338,18748,48369,8.14%,-0.63,1,549455,High Engagement
SM_100762,YouTube Shorts,video,Video,Entertainment,hi,Brazil,31-07-2024 00:00,#ai #music,10579976,480908,1383,67056,5.19%,0.27,1,549347,High Engagement
SM_100307,X,carousel,Carousel,Sports,ur,UK,24-07-2024 00:00,#funny #fyp,8244404,433916,25285,90094,6.66%,-0.14,1,549295,High Engagement
SM_101342,Instagram,image,Image,Politics,en,India,04-07-2024 00:00,#music #tech #funny #trending,11371932,437382,49535,61827,4.83%,-0.39,1,548744,Low Engagement
SM_100784,X,text,Text,Education,fr,US,21-12-2024 00:00,#viral #music #tech #trending #news,7499516,441148,28156,79304,7.32%,-0.2,1,548608,High Engagement
SM_100860,Instagram,text,Text,Lifestyle,ur,India,05-03-2024 00:00,#fyp #funny #ai #viral,12493300,499732,38060,10579,4.39%,0.01,1,548371,Low Engagement
SM_101432,YouTube Shorts,image,Image,Lifestyle,hi,UK,15-04-2024 00:00,#viral #music,4753265,432115,37016,79184,11.54%,0.5,1,548315,High Engagement
SM_101049,Instagram,text,Text,Lifestyle,fr,US,04-07-2024 00:00,#funny #ai #tech,8000013,470589,1139,76475,6.85%,-0.06,1,548203,High Engagement
SM_101288,TikTok,text,Text,Technology,hi,Brazil,24-03-2024 00:00,#fyp #music #ai,8192623,481919,45044,20924,6.69%,-0.73,1,547887,High Engagement
SM_101452,X,image,Image,Entertainment,hi,UK,25-01-2024 00:00,#trending #tech #funny #news #fyp,6929006,494929,49702,3241,7.91%,0.45,1,547872,High Engagement
SM_100558,YouTube Shorts,video,Video,Lifestyle,fr,US,11-12-2024 00:00,#viral #fyp #trending #music #ai,4431310,443131,42097,62540,12.36%,-0.58,1,547768,High Engagement
SM_101722,TikTok,text,Text,Politics,es,India,08-03-2024 00:00,#trending #music #ai #fyp #funny,12217400,488696,29437,29505,4.48%,0.69,1,547638,Low Engagement
SM_101947,TikTok,carousel,Carousel,Education,ur,UK,26-03-2024 00:00,#fyp #tech #viral #music #trending,9739532,442706,32280,72380,5.62%,-0.98,1,547366,High Engagement
SM_100274,YouTube Shorts,text,Text,Lifestyle,ur,India,04-12-2024 00:00,#music #fyp #viral #news,12018150,480726,13086,53277,4.55%,0.67,1,547089,Low Engagement
SM_101584,X,text,Text,Politics,es,India,12-07-2024 00:00,#news #viral #tech,7119264,444954,8423,93628,7.68%,0.45,1,547005,High Engagement
SM_100876,TikTok,carousel,Carousel,Sports,ur,UK,03-12-2024 00:00,#funny #fyp,5332821,410217,40510,95557,10.24%,0.48,1,546284,High Engagement
SM_101919,TikTok,image,Image,Entertainment,es,UK,19-02-2024 00:00,#news #funny,6117020,470540,4414,71320,8.93%,0.81,1,546274,High Engagement
SM_101264,X,video,Video,Education,es,Pakistan,06-08-2024 00:00,#viral #music #fyp #funny,11565576,481899,20475,43130,4.72%,-0.05,1,545504,Low Engagement
SM_100527,X,carousel,Carousel,Politics,es,Pakistan,14-07-2024 00:00,#ai #funny,6407730,457695,29926,57867,8.51%,-0.32,1,545488,High Engagement
SM_100127,YouTube Shorts,image,Image,Education,en,US,25-05-2024 00:00,#music #fyp #viral #ai,10455936,435664,26437,83286,5.22%,-0.53,1,545387,High Engagement
SM_101037,X,image,Image,Politics,fr,Brazil,31-01-2024 00:00,#ai #trending,13262844,473673,3267,66982,4.10%,-0.63,1,543922,Low Engagement
SM_101171,TikTok,video,Video,Sports,fr,US,14-01-2024 00:00,#news #tech #viral,3321640,415205,30318,98072,16.37%,-0.79,1,543595,High Engagement
SM_100661,YouTube Shorts,video,Video,Technology,en,Brazil,24-09-2024 00:00,#funny #viral,12407925,496317,30507,16725,4.38%,0.14,1,543549,Low Engagement
SM_101382,X,text,Text,Education,hi,Pakistan,11-01-2024 00:00,#viral #fyp #music,2260910,452182,6573,84578,24.03%,0.91,1,543333,High Engagement
SM_101552,X,carousel,Carousel,Education,hi,UK,03-06-2024 00:00,#funny #fyp #tech #news #trending,9132046,480634,41173,21121,5.95%,-0.94,1,542928,High Engagement
SM_100589,YouTube Shorts,text,Text,Politics,ur,Pakistan,01-06-2024 00:00,#news #trending,6446790,460485,12490,69185,8.41%,-0.67,1,542160,High Engagement
SM_100190,X,image,Image,Education,fr,India,09-08-2024 00:00,#news #music #viral,4213400,421340,27290,92437,12.84%,-0.27,1,541067,High Engagement
SM_100959,Instagram,text,Text,Lifestyle,en,India,10-05-2024 00:00,#trending #fyp #ai #funny #music,9495423,452163,11582,77300,5.70%,-0.97,1,541045,High Engagement
SM_101028,TikTok,image,Image,Technology,fr,Pakistan,03-01-2024 00:00,#fyp #trending,8005346,421334,45996,73617,6.76%,-0.6,1,540947,High Engagement
SM_101656,Instagram,image,Image,Sports,hi,Brazil,24-10-2024 00:00,#funny #ai #tech #music,2663730,443955,37782,58902,20.30%,0.35,1,540639,High Engagement
SM_100915,X,video,Video,Entertainment,hi,US,19-10-2024 00:00,#funny #fyp #trending,10986384,457766,35441,47407,4.92%,-0.11,1,540614,Low Engagement
SM_100493,Instagram,image,Image,Education,en,UK,11-05-2024 00:00,#ai #fyp #funny,13105206,485378,30163,25033,4.12%,-0.52,1,540574,Low Engagement
SM_101673,YouTube Shorts,video,Video,Sports,en,Brazil,25-01-2024 00:00,#viral #music #fyp,12304410,424290,23102,93145,4.39%,-0.58,1,540537,Low Engagement
SM_101309,YouTube Shorts,image,Image,Sports,ur,UK,08-12-2024 00:00,#news #funny #ai #trending,4338970,433897,34841,71290,12.45%,0.23,1,540028,High Engagement
SM_101008,Instagram,carousel,Carousel,Sports,fr,Brazil,31-10-2024 00:00,#funny #tech #ai #music,9687640,484382,1267,54200,5.57%,-0.25,1,539849,High Engagement
SM_101655,X,image,Image,Sports,fr,Pakistan,04-12-2024 00:00,#funny #ai #trending #news,12138575,485543,43304,10932,4.45%,-0.67,1,539779,Low Engagement
SM_101347,YouTube Shorts,text,Text,Education,fr,India,05-03-2024 00:00,#trending #music #viral #funny,11946384,497766,33144,8803,4.52%,-0.06,1,539713,Low Engagement
SM_100830,Instagram,video,Video,Politics,es,UK,31-03-2024 00:00,#fyp #funny #trending #tech #news,9253076,487004,20959,31556,5.83%,0.76,1,539519,High Engagement
SM_100173,X,text,Text,Lifestyle,es,Pakistan,29-06-2024 00:00,#music #tech #trending #news #viral,12489360,480360,21974,36669,4.32%,-0.82,1,539003,Low Engagement
SM_101013,Instagram,video,Video,Education,ur,India,27-08-2024 00:00,#tech #fyp #music #ai,7657362,425409,25505,87955,7.04%,-0.23,1,538869,High Engagement
SM_100788,Instagram,image,Image,Politics,en,Brazil,06-10-2024 00:00,#news #funny #tech,9234258,419739,43620,74708,5.83%,0.29,1,538067,High Engagement
SM_101287,TikTok,text,Text,Entertainment,en,UK,25-10-2024 00:00,#viral #trending #news,11405290,438665,16002,83287,4.72%,-0.88,1,537954,Low Engagement
SM_100386,X,carousel,Carousel,Politics,fr,India,24-12-2024 00:00,#viral #news #fyp #funny,13206340,471655,25968,39444,4.07%,0.09,1,537067,Low Engagement
SM_100886,YouTube Shorts,image,Image,Politics,es,India,10-07-2024 00:00,#music #funny #fyp #news #ai,12301848,473148,15443,48443,4.37%,0.88,1,537034,Low Engagement
SM_101522,TikTok,text,Text,Education,en,India,29-11-2024 00:00,#viral #ai #fyp #funny #trending,4073922,452658,15509,68594,13.18%,0.72,1,536761,High Engagement
SM_100873,X,image,Image,Lifestyle,en,Pakistan,05-07-2024 00:00,#news #viral #funny,10087478,438586,9746,88279,5.32%,0.57,1,536611,High Engagement
SM_101708,Instagram,video,Video,Lifestyle,fr,US,02-08-2024 00:00,#ai #viral #music #funny #fyp,6302985,484845,1529,49403,8.50%,-0.67,1,535777,High Engagement
SM_101959,YouTube Shorts,carousel,Carousel,Technology,en,US,19-02-2024 00:00,#viral #tech #music #trending #news,9473310,430605,33897,71197,5.65%,0.18,1,535699,High Engagement
SM_100887,YouTube Shorts,text,Text,Sports,ur,US,18-02-2024 00:00,#trending #tech #viral,10090288,388088,47999,99576,5.31%,0.25,1,535663,High Engagement
SM_100380,X,image,Image,Education,ur,Brazil,03-01-2024 00:00,#tech #trending,12039165,445895,4785,83848,4.44%,-0.13,1,534528,Low Engagement
SM_101678,TikTok,image,Image,Lifestyle,ur,US,01-12-2024 00:00,#news #tech #fyp #ai,13847123,477487,25633,31363,3.86%,-0.48,1,534483,Low Engagement
SM_100998,Instagram,text,Text,Politics,hi,UK,23-04-2024 00:00,#funny #music,9278764,488356,6987,39105,5.76%,-0.59,1,534448,High Engagement
SM_101014,X,text,Text,Entertainment,ur,Pakistan,11-01-2024 00:00,#music #ai #news #funny #tech,2887806,481301,17483,35180,18.49%,-0.05,1,533964,High Engagement
SM_101328,TikTok,video,Video,Education,fr,Brazil,30-04-2024 00:00,#tech #fyp #music #trending,8663660,433183,898,99695,6.16%,0.62,1,533776,High Engagement
SM_100277,TikTok,carousel,Carousel,Technology,fr,Pakistan,11-07-2024 00:00,#trending #fyp #viral #tech #funny,3903432,487929,23868,21793,13.67%,0.08,1,533590,High Engagement
SM_101936,TikTok,carousel,Carousel,Technology,hi,UK,30-01-2024 00:00,#trending #funny,10807493,469891,29102,34208,4.93%,-0.28,1,533201,Low Engagement
SM_101034,X,image,Image,Sports,ur,Brazil,22-09-2024 00:00,#trending #music #viral #tech,10600332,460884,1257,71046,5.03%,0.47,1,533187,High Engagement
SM_101871,X,text,Text,Lifestyle,es,India,12-07-2024 00:00,#fyp #tech #funny #viral #music,6075030,467310,17226,48507,8.77%,0.43,1,533043,High Engagement
SM_100664,TikTok,video,Video,Sports,fr,US,16-06-2024 00:00,#trending #tech,4977192,452472,35639,44603,10.70%,0.15,1,532714,High Engagement
SM_101137,Instagram,image,Image,Technology,es,Pakistan,27-03-2024 00:00,#trending #fyp #music,12927519,478797,25597,28142,4.12%,0.61,1,532536,Low Engagement
SM_100404,YouTube Shorts,carousel,Carousel,Technology,ur,India,20-04-2024 00:00,#viral #funny #news #trending,8577180,476510,34712,20338,6.20%,-0.89,1,531560,High Engagement
SM_101683,X,video,Video,Technology,fr,US,02-04-2024 00:00,#viral #fyp,6536096,466864,18034,46661,8.13%,0.42,1,531559,High Engagement
SM_100530,YouTube Shorts,text,Text,Technology,hi,US,08-03-2024 00:00,#trending #music #fyp,9374961,407607,46809,76972,5.67%,0.77,1,531388,High Engagement
SM_101925,YouTube Shorts,image,Image,Sports,fr,Pakistan,24-01-2024 00:00,#news #ai #trending,5296093,481463,42031,7834,10.03%,-0.36,1,531328,High Engagement
SM_101486,TikTok,carousel,Carousel,Sports,ur,Brazil,02-08-2024 00:00,#ai #news #funny,12031929,445627,13520,71696,4.41%,0.16,1,530843,Low Engagement
SM_100016,YouTube Shorts,text,Text,Politics,ur,Pakistan,15-09-2024 00:00,#news #ai #viral,8212785,483105,24281,23248,6.46%,-0.46,1,530634,High Engagement
SM_100586,TikTok,carousel,Carousel,Entertainment,es,UK,24-07-2024 00:00,#funny #viral #trending #tech,13010463,481869,15357,33366,4.08%,0.09,1,530592,Low Engagement
SM_100272,YouTube Shorts,video,Video,Entertainment,ur,Pakistan,16-11-2024 00:00,#trending #fyp #viral #music,7289640,404980,35742,89564,7.27%,-0.91,1,530286,High Engagement
SM_100058,YouTube Shorts,carousel,Carousel,Lifestyle,hi,UK,19-09-2024 00:00,#music #news,10159886,461813,46980,21358,5.22%,-0.03,1,530151,High Engagement
SM_101169,TikTok,carousel,Carousel,Entertainment,hi,UK,12-04-2024 00:00,#viral #music #funny #ai,6431070,428738,11989,89313,8.24%,0.98,1,530040,High Engagement
SM_101904,Instagram,video,Video,Education,en,India,13-06-2024 00:00,#music #ai,8134653,478509,45014,6257,6.51%,-0.9,1,529780,High Engagement
SM_101241,Instagram,carousel,Carousel,Lifestyle,en,Brazil,12-12-2024 00:00,#fyp #music #funny #trending,9920380,496019,5042,28634,5.34%,0.17,1,529695,High Engagement
SM_100864,TikTok,video,Video,Education,es,India,24-11-2024 00:00,#tech #music #fyp #funny #news,11484228,410151,27803,91650,4.61%,0.63,1,529604,Low Engagement
SM_101530,X,video,Video,Lifestyle,en,Brazil,21-07-2024 00:00,#funny #trending #fyp #tech,4314420,479380,48909,1169,12.27%,-0.96,1,529458,High Engagement
SM_100476,Instagram,text,Text,Entertainment,fr,UK,18-03-2024 00:00,#trending #funny #tech #news,12107610,448430,38072,42686,4.37%,0.89,1,529188,Low Engagement
SM_100606,X,image,Image,Entertainment,ur,Pakistan,04-05-2024 00:00,#funny #fyp #trending,10798515,399945,43941,85121,4.90%,-0.63,1,529007,Low Engagement
SM_100263,TikTok,video,Video,Lifestyle,en,US,30-10-2024 00:00,#tech #ai #trending,7948818,441601,19068,67643,6.65%,-0.06,1,528312,High Engagement
SM_100389,X,text,Text,Education,en,Brazil,28-07-2024 00:00,#news #music,10810529,470023,45355,12202,4.88%,0.19,1,527580,Low Engagement
SM_101768,YouTube Shorts,carousel,Carousel,Entertainment,hi,Brazil,22-06-2024 00:00,#music #fyp #news #funny,12470926,479651,38732,9108,4.23%,0.34,1,527491,Low Engagement
SM_100481,TikTok,image,Image,Lifestyle,hi,UK,13-11-2024 00:00,#music #ai #tech #news #fyp,9329620,466481,8330,52291,5.65%,-0.58,1,527102,High Engagement
SM_101068,YouTube Shorts,image,Image,Sports,ur,Pakistan,02-09-2024 00:00,#fyp #trending #ai,9447459,449879,32328,44758,5.58%,-0.44,1,526965,High Engagement
SM_100977,X,carousel,Carousel,Education,en,Pakistan,13-06-2024 00:00,#ai #news #viral #trending #music,13007736,464562,42505,19260,4.05%,0.72,1,526327,Low Engagement
SM_100999,YouTube Shorts,carousel,Carousel,Lifestyle,es,UK,06-12-2024 00:00,#viral #ai #fyp #funny,8648059,455161,9946,61170,6.09%,-0.09,1,526277,High Engagement
SM_101457,X,image,Image,Education,es,UK,06-06-2024 00:00,#tech #fyp #news,5957484,458268,27523,39564,8.82%,-0.18,1,525355,High Engagement
SM_100315,TikTok,video,Video,Lifestyle,ur,Brazil,22-04-2024 00:00,#ai #trending #viral #music #funny,11995128,444264,8250,72751,4.38%,0.77,1,525265,Low Engagement
SM_100301,TikTok,text,Text,Politics,hi,Pakistan,18-03-2024 00:00,#music #trending #tech,4860449,441859,13924,69347,10.80%,-0.98,1,525130,High Engagement
SM_101203,Instagram,carousel,Carousel,Technology,hi,India,24-12-2024 00:00,#music #viral #news #tech #ai,12264330,471705,4047,49053,4.28%,0.75,1,524805,Low Engagement
SM_100117,TikTok,image,Image,Entertainment,en,India,17-02-2024 00:00,#trending #viral #funny #ai,4595602,417782,36944,69897,11.42%,0.91,1,524623,High Engagement
SM_101833,Instagram,image,Image,Education,es,US,14-09-2024 00:00,#ai #news #funny #music #trending,11842038,455463,32568,36487,4.43%,-0.17,1,524518,Low Engagement
SM_100437,TikTok,carousel,Carousel,Politics,en,US,20-02-2024 00:00,#tech #viral #ai #funny,3447728,430966,46886,46414,15.21%,-0.49,1,524266,High Engagement
SM_101422,X,video,Video,Lifestyle,es,India,22-05-2024 00:00,#trending #viral,4047426,449714,32927,40719,12.93%,0.75,1,523360,High Engagement
SM_100155,Instagram,video,Video,Entertainment,en,US,14-01-2024 00:00,#news #viral,10343399,449713,38770,34817,5.06%,-0.45,1,523300,High Engagement
SM_100994,TikTok,text,Text,Politics,en,Brazil,06-07-2024 00:00,#funny #music #tech #news,7246215,483081,14237,25614,7.22%,0.9,1,522932,High Engagement
SM_101468,Instagram,text,Text,Sports,fr,Pakistan,07-06-2024 00:00,#tech #viral,11986548,428091,48575,46098,4.36%,0.5,1,522764,Low Engagement
SM_101244,X,text,Text,Politics,hi,UK,16-07-2024 00:00,#funny #news #fyp #tech #trending,1970040,394008,28931,99783,26.53%,-0.35,0,522722,High Engagement
SM_100483,X,video,Video,Sports,es,Pakistan,13-09-2024 00:00,#news #fyp #funny,9888340,449470,20614,52131,5.28%,0.92,1,522215,High Engagement
SM_100143,YouTube Shorts,image,Image,Technology,en,Brazil,29-06-2024 00:00,#music #funny #news,12911184,496584,4840,20160,4.04%,-0.94,1,521584,Low Engagement
SM_100458,YouTube Shorts,video,Video,Education,fr,UK,11-05-2024 00:00,#trending #news #funny #ai,4520351,410941,33898,76330,11.53%,0.55,1,521169,High Engagement
SM_100934,YouTube Shorts,text,Text,Entertainment,fr,India,29-06-2024 00:00,#viral #trending #fyp #tech #news,2486240,497248,8333,15535,20.96%,-0.14,1,521116,High Engagement
SM_101108,Instagram,image,Image,Entertainment,en,US,06-03-2024 00:00,#ai #tech #music,10152340,461470,30148,29426,5.13%,-0.34,1,521044,High Engagement
SM_100655,YouTube Shorts,text,Text,Sports,fr,Brazil,07-07-2024 00:00,#fyp #funny #viral #music,7795536,487221,26517,6717,6.68%,0.21,1,520455,High Engagement
SM_100644,X,video,Video,Entertainment,en,Brazil,13-07-2024 00:00,#viral #news #fyp #music,10562025,422481,1497,95999,4.92%,-0.87,1,519977,Low Engagement
SM_100604,Instagram,carousel,Carousel,Entertainment,ur,UK,04-04-2024 00:00,#tech #funny #trending #ai #viral,2534730,422455,19914,77068,20.49%,-0.37,1,519437,High Engagement
SM_101757,Instagram,text,Text,Entertainment,es,India,20-02-2024 00:00,#music #fyp,12201175,488047,2855,28401,4.26%,0.93,1,519303,Low Engagement
SM_101841,X,video,Video,Sports,es,UK,05-03-2024 00:00,#news #trending,9539440,476972,13339,28616,5.44%,0.36,1,518927,High Engagement
SM_100823,TikTok,video,Video,Sports,es,Pakistan,09-11-2024 00:00,#ai #music #trending #news,3662552,457819,34545,26537,14.17%,0.16,1,518901,High Engagement
SM_100094,TikTok,text,Text,Education,fr,US,30-09-2024 00:00,#tech #news #music #fyp,8639395,454705,9440,54341,6.00%,-0.92,1,518486,High Engagement
SM_100005,Instagram,carousel,Carousel,Sports,hi,Brazil,01-11-2024 00:00,#tech #music,6513472,465248,27485,25659,7.96%,-0.91,1,518392,High Engagement
SM_101721,Instagram,text,Text,Education,es,Brazil,24-11-2024 00:00,#news #viral #funny,6168942,474534,15198,28562,8.40%,0.25,1,518294,High Engagement
SM_100487,YouTube Shorts,carousel,Carousel,Politics,es,UK,26-05-2024 00:00,#tech #funny #fyp,7555276,444428,23434,50201,6.86%,-0.27,1,518063,High Engagement
SM_100638,YouTube Shorts,video,Video,Entertainment,fr,US,17-03-2024 00:00,#viral #trending #funny #fyp #music,5524623,424971,43477,49438,9.37%,-0.98,1,517886,High Engagement
SM_101016,Instagram,text,Text,Politics,es,Brazil,31-10-2024 00:00,#news #music #fyp #trending #ai,12735466,439154,19544,57125,4.05%,0.94,1,515823,Low Engagement
SM_100280,X,video,Video,Lifestyle,fr,US,12-11-2024 00:00,#tech #news #trending #viral,5990844,499237,1529,15049,8.61%,0.46,1,515815,High Engagement
SM_101595,YouTube Shorts,carousel,Carousel,Entertainment,ur,UK,21-06-2024 00:00,#fyp #news #funny,4219479,468831,20321,26184,12.21%,0.53,1,515336,High Engagement
SM_101485,X,image,Image,Technology,hi,Brazil,18-02-2024 00:00,#ai #music,3640743,404527,13574,96895,14.15%,-0.21,1,514996,High Engagement
SM_100241,Instagram,image,Image,Entertainment,ur,Brazil,27-01-2024 00:00,#funny #music #fyp,5748780,383252,37153,94271,8.95%,0.27,1,514676,High Engagement
SM_101742,Instagram,video,Video,Technology,fr,UK,31-08-2024 00:00,#fyp #viral #trending #funny,9000186,473694,23524,17394,5.72%,-0.53,1,514612,High Engagement
SM_101727,Instagram,image,Image,Sports,en,Brazil,19-06-2024 00:00,#music #funny #viral,2877588,479598,5193,29681,17.88%,0.08,1,514472,High Engagement
SM_101944,YouTube Shorts,image,Image,Sports,en,Pakistan,15-10-2024 00:00,#music #trending,4431627,492403,21381,371,11.60%,0.78,1,514155,High Engagement
SM_100827,Instagram,video,Video,Entertainment,fr,UK,12-11-2024 00:00,#tech #news #fyp,9491880,395495,43803,74602,5.41%,-0.01,1,513900,High Engagement
SM_101224,Instagram,carousel,Carousel,Education,ur,US,14-06-2024 00:00,#tech #fyp #viral #funny,6146361,472797,10767,30134,8.36%,-0.5,1,513698,High Engagement
SM_100556,YouTube Shorts,text,Text,Entertainment,en,UK,13-05-2024 00:00,#funny #tech #music,8895062,404321,43548,65698,5.77%,0.2,1,513567,High Engagement
SM_101701,Instagram,text,Text,Politics,hi,US,18-04-2024 00:00,#tech #trending #viral #funny #news,2146495,429299,44753,39463,23.92%,-0.04,1,513515,High Engagement
SM_100024,YouTube Shorts,carousel,Carousel,Education,ur,UK,12-08-2024 00:00,#tech #fyp,3345769,477967,10970,24539,15.35%,-0.06,1,513476,High Engagement
SM_100804,Instagram,carousel,Carousel,Education,es,US,05-04-2024 00:00,#trending #music #news,11735064,434632,39959,38871,4.38%,-0.57,1,513462,Low Engagement
SM_100140,TikTok,carousel,Carousel,Lifestyle,ur,Pakistan,14-06-2024 00:00,#viral #trending #funny #fyp #music,8008600,400430,13328,99658,6.41%,0.78,1,513416,High Engagement
SM_101748,X,carousel,Carousel,Entertainment,fr,India,07-05-2024 00:00,#music #trending #funny #news #tech,6970104,387228,27631,98257,7.36%,0.06,1,513116,High Engagement
SM_100392,YouTube Shorts,text,Text,Entertainment,fr,Brazil,18-03-2024 00:00,#funny #news #ai #music,7287786,404877,41904,66062,7.04%,0.03,1,512843,High Engagement
SM_100102,YouTube Shorts,video,Video,Lifestyle,es,India,02-05-2024 00:00,#music #funny #trending #fyp,2328425,465685,11943,35196,22.02%,-0.08,1,512824,High Engagement
SM_101878,TikTok,image,Image,Entertainment,es,US,21-10-2024 00:00,#fyp #trending #news #tech,11780384,420728,16681,75380,4.35%,-0.18,1,512789,Low Engagement
SM_101411,TikTok,image,Image,Technology,es,Brazil,04-02-2024 00:00,#trending #tech #music #news,6150998,439357,997,72395,8.34%,0.45,1,512749,High Engagement
SM_101859,TikTok,video,Video,Entertainment,ur,India,21-01-2024 00:00,#ai #news #tech,12785836,456637,22947,33162,4.01%,-0.02,1,512746,Low Engagement
SM_100676,X,image,Image,Education,ur,US,27-03-2024 00:00,#funny #viral,9414372,427926,10063,74638,5.45%,-0.72,1,512627,High Engagement
SM_101872,YouTube Shorts,image,Image,Technology,ur,Brazil,23-04-2024 00:00,#music #tech #viral #trending,10952578,421253,49513,41832,4.68%,0.5,1,512598,Low Engagement
SM_100177,X,video,Video,Entertainment,en,Brazil,10-08-2024 00:00,#funny #ai,3300624,412578,4437,95258,15.52%,0.61,1,512273,High Engagement
SM_101042,YouTube Shorts,carousel,Carousel,Politics,hi,India,09-09-2024 00:00,#fyp #trending #funny #viral #tech,10627584,442816,12105,57022,4.82%,0.35,1,511943,Low Engagement
SM_101802,YouTube Shorts,image,Image,Lifestyle,fr,US,21-03-2024 00:00,#ai #news #fyp #music #trending,10873776,453074,46062,12538,4.71%,-0.68,1,511674,Low Engagement
SM_101970,TikTok,video,Video,Entertainment,fr,India,17-09-2024 00:00,#tech #viral #fyp #ai #trending,2053340,410668,7302,93477,24.91%,-0.53,1,511447,High Engagement
SM_101707,Instagram,video,Video,Lifestyle,hi,US,23-10-2024 00:00,#funny #ai #news #trending #viral,7898778,464634,29804,16985,6.47%,-0.08,1,511423,High Engagement
SM_101560,Instagram,image,Image,Lifestyle,hi,UK,21-11-2024 00:00,#news #trending #fyp,2971703,424529,7372,79027,17.19%,0.1,1,510928,High Engagement
SM_100917,TikTok,video,Video,Technology,ur,India,19-05-2024 00:00,#trending #music,14087823,485787,21230,3607,3.62%,-0.29,1,510624,Low Engagement
SM_100246,YouTube Shorts,carousel,Carousel,Entertainment,en,Brazil,10-10-2024 00:00,#fyp #news #tech #ai #funny,7920660,396033,27957,86445,6.44%,0.13,1,510435,High Engagement
SM_100525,Instagram,carousel,Carousel,Sports,hi,US,12-03-2024 00:00,#funny #news #ai,5747796,478983,25232,5979,8.88%,-0.77,1,510194,High Engagement
SM_100338,X,carousel,Carousel,Technology,es,Brazil,02-05-2024 00:00,#trending #fyp,8274937,435523,13286,61247,6.16%,0.86,1,510056,High Engagement
SM_101728,Instagram,text,Text,Sports,ur,Brazil,16-04-2024 00:00,#ai #music,10757468,467716,36450,5797,4.74%,0.92,1,509963,Low Engagement
SM_101105,X,video,Video,Education,es,India,04-04-2024 00:00,#funny #music #news #viral #ai,9622350,384894,49425,75505,5.30%,-0.59,1,509824,High Engagement
SM_100256,X,video,Video,Education,fr,India,07-02-2024 00:00,#trending #news,10299933,381479,41129,86926,4.95%,0.79,1,509534,Low Engagement
SM_100742,X,video,Video,Sports,en,US,08-04-2024 00:00,#funny #news,9544878,454518,23869,30751,5.33%,0.44,1,509138,High Engagement
SM_101928,Instagram,video,Video,Politics,en,India,20-10-2024 00:00,#fyp #tech #news #viral #funny,8637530,392615,31120,85396,5.89%,0.59,1,509131,High Engagement
SM_101005,Instagram,video,Video,Technology,en,India,28-04-2024 00:00,#trending #fyp #viral #news #music,5643180,470265,15000,23560,9.02%,-0.54,1,508825,High Engagement
SM_100325,X,carousel,Carousel,Politics,ur,UK,19-02-2024 00:00,#news #viral #tech,11427619,496853,9521,2397,4.45%,0.65,1,508771,Low Engagement
SM_101438,YouTube Shorts,text,Text,Technology,es,India,25-05-2024 00:00,#viral #tech,5348322,382023,42924,83522,9.51%,0.96,1,508469,High Engagement
SM_101345,Instagram,text,Text,Education,fr,Pakistan,26-08-2024 00:00,#trending #ai #funny,6080529,467733,5608,34981,8.36%,-0.38,1,508322,High Engagement
SM_101141,Instagram,video,Video,Politics,es,UK,27-03-2024 00:00,#fyp #trending #tech #music #viral,7388688,461793,5700,39170,6.86%,-0.93,1,506663,High Engagement
SM_100172,Instagram,image,Image,Politics,hi,US,12-09-2024 00:00,#ai #viral #music,9815250,426750,4193,75698,5.16%,-0.92,1,506641,High Engagement
SM_100084,X,text,Text,Lifestyle,hi,Brazil,02-09-2024 00:00,#ai #funny #trending,10736088,447337,881,58336,4.72%,-0.18,1,506554,Low Engagement
SM_100575,YouTube Shorts,video,Video,Entertainment,fr,India,24-11-2024 00:00,#fyp #viral #trending,12643749,468287,37771,163,4.00%,0.81,1,506221,Low Engagement
SM_101302,YouTube Shorts,video,Video,Politics,hi,US,27-07-2024 00:00,#viral #ai #tech #news #fyp,9077962,394694,17637,93848,5.58%,0.25,1,506179,High Engagement
SM_100627,YouTube Shorts,text,Text,Education,ur,India,11-12-2024 00:00,#trending #tech #viral #music #funny,6423920,401495,48786,55268,7.87%,-0.53,1,505549,High Engagement
SM_101804,Instagram,image,Image,Entertainment,fr,UK,17-07-2024 00:00,#viral #news,6906816,493344,2418,9506,7.32%,0.46,1,505268,High Engagement
SM_100902,Instagram,text,Text,Lifestyle,fr,UK,08-10-2024 00:00,#trending #news,2347390,469478,34766,870,21.52%,-0.49,1,505114,High Engagement
SM_101955,Instagram,carousel,Carousel,Entertainment,es,UK,07-02-2024 00:00,#music #news #viral #ai #funny,10225225,444575,7041,53473,4.94%,0.2,1,505089,Low Engagement
SM_101834,Instagram,carousel,Carousel,Education,en,UK,05-06-2024 00:00,#viral #news,5221161,474651,26341,3642,9.67%,0.04,1,504634,High Engagement
SM_101999,X,carousel,Carousel,Politics,ur,Pakistan,04-11-2024 00:00,#viral #funny,3369429,481347,13455,9492,14.97%,0.3,1,504294,High Engagement
SM_100693,TikTok,text,Text,Education,en,India,29-09-2024 00:00,#ai #music #viral #funny,2412498,402083,22857,79240,20.90%,0.68,1,504180,High Engagement
SM_101416,TikTok,text,Text,Politics,en,US,30-08-2024 00:00,#fyp #trending #viral #tech #ai,6249915,416661,25698,61608,8.06%,-0.52,1,503967,High Engagement
SM_100082,Instagram,image,Image,Education,ur,Pakistan,05-08-2024 00:00,#music #ai,2043270,408654,2496,92773,24.66%,0.66,1,503923,High Engagement
SM_101312,X,text,Text,Technology,fr,US,13-05-2024 00:00,#music #fyp #ai,3386720,423340,49635,30735,14.87%,0.3,1,503710,High Engagement
SM_101148,Instagram,carousel,Carousel,Entertainment,hi,Pakistan,07-04-2024 00:00,#funny #viral #tech #news,8606640,409840,28207,65553,5.85%,-0.55,1,503600,High Engagement
SM_100986,X,image,Image,Sports,en,UK,27-11-2024 00:00,#funny #tech #news #viral #trending,9377478,426249,43474,33688,5.37%,0.41,1,503411,High Engagement
SM_100809,YouTube Shorts,video,Video,Technology,en,UK,26-03-2024 00:00,#fyp #news,10801488,450062,21547,31313,4.66%,0.13,1,502922,Low Engagement
SM_101786,X,text,Text,Lifestyle,ur,Brazil,25-11-2024 00:00,#tech #news #funny #trending,8275785,394085,17811,90519,6.07%,0,1,502415,High Engagement
SM_100528,TikTok,text,Text,Lifestyle,ur,US,21-01-2024 00:00,#ai #trending #funny #news,5870735,451595,23958,26807,8.56%,-0.26,1,502360,High Engagement
SM_101022,Instagram,video,Video,Education,fr,India,12-07-2024 00:00,#viral #trending #funny,11046942,409146,47898,44674,4.54%,0.41,1,501718,Low Engagement
SM_101306,YouTube Shorts,video,Video,Education,hi,UK,01-12-2024 00:00,#funny #tech #music #news #fyp,8806200,440310,4823,56345,5.69%,-0.41,1,501478,High Engagement
SM_101821,TikTok,text,Text,Entertainment,fr,Pakistan,04-01-2024 00:00,#tech #trending #ai,7241652,402314,28911,70193,6.92%,-0.24,1,501418,High Engagement
SM_101372,Instagram,image,Image,Entertainment,hi,Brazil,24-11-2024 00:00,#ai #tech,3652616,456577,2814,41786,13.72%,0.98,1,501177,High Engagement
SM_100146,X,video,Video,Entertainment,fr,India,20-08-2024 00:00,#fyp #music,3948849,438761,5718,56179,12.68%,0.23,1,500658,High Engagement
SM_101270,Instagram,text,Text,Politics,es,Pakistan,01-01-2024 00:00,#funny #tech #music #trending #fyp,6748110,374895,32093,93649,7.42%,0.04,1,500637,High Engagement
SM_101774,Instagram,video,Video,Technology,ur,US,14-01-2024 00:00,#ai #funny #tech #fyp,6392130,426142,30302,43891,7.83%,-0.06,1,500335,High Engagement
SM_101581,Instagram,carousel,Carousel,Politics,fr,India,18-08-2024 00:00,#funny #tech #viral #trending,3023916,431988,13736,54513,16.54%,0.27,1,500237,High Engagement
SM_100204,Instagram,video,Video,Education,fr,UK,25-09-2024 00:00,#music #trending #fyp #news,9021054,429574,28258,42079,5.54%,0.7,1,499911,High Engagement
SM_100144,TikTok,carousel,Carousel,Lifestyle,ur,India,20-04-2024 00:00,#music #fyp #viral #news #tech,10353696,431404,13221,55285,4.83%,0.21,1,499910,Low Engagement
SM_101637,X,text,Text,Technology,ur,India,30-06-2024 00:00,#ai #funny,4829363,439033,33577,27028,10.35%,0.9,1,499638,High Engagement
SM_100951,YouTube Shorts,image,Image,Politics,es,India,31-07-2024 00:00,#trending #viral #ai,11472578,441253,6481,51757,4.35%,-0.13,1,499491,Low Engagement
SM_100376,TikTok,text,Text,Politics,en,US,09-03-2024 00:00,#funny #trending #music #ai,11953526,459751,11658,27962,4.18%,-0.1,1,499371,Low Engagement
SM_101705,X,video,Video,Politics,en,Pakistan,15-12-2024 00:00,#tech #music #ai #trending,10736882,412957,6218,80022,4.65%,0.91,1,499197,Low Engagement
SM_100632,YouTube Shorts,image,Image,Education,es,Brazil,03-12-2024 00:00,#tech #fyp #music #news #viral,11159856,464994,12114,22011,4.47%,-0.96,1,499119,Low Engagement
SM_100900,Instagram,image,Image,Lifestyle,fr,India,18-04-2024 00:00,#music #viral #tech #fyp #news,10960407,405941,34402,58672,4.55%,0.68,1,499015,Low Engagement
SM_100524,YouTube Shorts,text,Text,Technology,es,Brazil,03-09-2024 00:00,#news #fyp #ai,10369832,471356,20674,6911,4.81%,-0.36,1,498941,Low Engagement
SM_101518,YouTube Shorts,video,Video,Entertainment,en,Pakistan,13-05-2024 00:00,#music #funny #viral,8806886,400313,38006,60409,5.66%,-0.04,1,498728,High Engagement
SM_100989,TikTok,text,Text,Technology,hi,US,15-06-2024 00:00,#news #trending,8959834,389558,10781,98372,5.57%,-0.12,1,498711,High Engagement
SM_101334,YouTube Shorts,text,Text,Politics,en,UK,02-05-2024 00:00,#music #tech #trending,5903324,421666,41937,33799,8.43%,0.53,1,497402,High Engagement
SM_101983,X,carousel,Carousel,Technology,en,UK,18-02-2024 00:00,#news #ai #music,12077268,431331,34507,31386,4.12%,0.82,1,497224,Low Engagement
SM_100771,YouTube Shorts,video,Video,Lifestyle,ur,US,07-11-2024 00:00,#trending #funny #tech,12124632,466332,26677,4214,4.10%,0.03,1,497223,Low Engagement
SM_101664,TikTok,video,Video,Technology,ur,India,30-08-2024 00:00,#funny #tech #trending,6119072,382442,24850,89847,8.12%,-0.38,1,497139,High Engagement
SM_101455,TikTok,carousel,Carousel,Entertainment,ur,US,30-04-2024 00:00,#music #news #tech,2379114,396519,2249,98323,20.89%,-0.76,1,497091,High Engagement
SM_100518,YouTube Shorts,text,Text,Education,es,Brazil,15-09-2024 00:00,#viral #ai,6572595,438173,10147,48356,7.56%,0.94,1,496676,High Engagement
SM_100433,YouTube Shorts,image,Image,Politics,en,Brazil,24-01-2024 00:00,#fyp #music #viral #trending #tech,6724512,420282,16178,59890,7.38%,0.91,1,496350,High Engagement
SM_101232,X,text,Text,Entertainment,hi,UK,19-10-2024 00:00,#trending #funny,5669924,436148,28374,31729,8.75%,-0.64,1,496251,High Engagement
SM_100264,YouTube Shorts,video,Video,Technology,en,US,07-06-2024 00:00,#viral #music #tech,9049215,430915,28534,35955,5.47%,-0.46,1,495404,High Engagement
SM_100107,Instagram,carousel,Carousel,Lifestyle,ur,Brazil,14-04-2024 00:00,#tech #fyp #trending #ai,2451726,408621,9822,76798,20.20%,-0.48,1,495241,High Engagement
SM_100255,Instagram,image,Image,Entertainment,es,Brazil,12-09-2024 00:00,#news #music #fyp #tech,7652466,425137,9508,60536,6.47%,0.66,1,495181,High Engagement
SM_101604,Instagram,carousel,Carousel,Entertainment,ur,US,26-10-2024 00:00,#fyp #music #funny #viral #trending,7958701,418879,39654,36405,6.22%,-0.09,1,494938,High Engagement
SM_101172,YouTube Shorts,carousel,Carousel,Politics,en,Pakistan,19-09-2024 00:00,#ai #trending #news,6489555,432637,20431,41778,7.63%,0.93,1,494846,High Engagement
SM_101266,X,carousel,Carousel,Sports,ur,India,04-01-2024 00:00,#ai #trending #news,10788400,431536,6482,56653,4.59%,-0.9,1,494671,Low Engagement
SM_100079,Instagram,carousel,Carousel,Sports,fr,Brazil,27-07-2024 00:00,#trending #funny,2694492,449082,13408,32098,18.36%,-0.12,1,494588,High Engagement
SM_101055,TikTok,video,Video,Entertainment,es,Pakistan,10-09-2024 00:00,#viral #ai #funny #trending #news,10251711,379693,36208,78389,4.82%,0.25,1,494290,Low Engagement
SM_100381,YouTube Shorts,image,Image,Education,fr,UK,05-08-2024 00:00,#funny #trending #music,7803202,354691,49463,89900,6.33%,-0.96,1,494054,High Engagement
SM_100928,YouTube Shorts,carousel,Carousel,Entertainment,fr,India,03-07-2024 00:00,#viral #trending,11307946,434921,14960,44050,4.37%,0.08,1,493931,Low Engagement
SM_101910,TikTok,image,Image,Technology,fr,US,19-10-2024 00:00,#fyp #tech #news #ai #music,7201035,480069,12494,1354,6.86%,0.64,1,493917,High Engagement
SM_100292,TikTok,text,Text,Technology,hi,US,16-12-2024 00:00,#music #fyp #funny,8897636,404438,15028,73544,5.54%,-0.16,1,493010,High Engagement
SM_100449,TikTok,video,Video,Education,es,India,25-04-2024 00:00,#viral #music #funny #trending,4940562,449142,36456,7228,9.98%,0.34,1,492826,High Engagement
SM_101072,TikTok,video,Video,Education,en,India,20-10-2024 00:00,#music #fyp #funny,5110404,425867,10853,55756,9.64%,0.88,1,492476,High Engagement
SM_101879,X,text,Text,Technology,en,Brazil,18-07-2024 00:00,#viral #tech #funny #fyp,7525938,358378,35459,98538,6.54%,0.93,1,492375,High Engagement
SM_101613,YouTube Shorts,text,Text,Technology,hi,India,31-01-2024 00:00,#ai #viral,3212487,356943,35780,99274,15.32%,0.72,1,491997,High Engagement
SM_100850,YouTube Shorts,carousel,Carousel,Lifestyle,es,US,01-08-2024 00:00,#tech #funny,2002895,400579,1919,89286,24.55%,-0.76,1,491784,High Engagement
SM_100417,Instagram,carousel,Carousel,Sports,en,Pakistan,04-07-2024 00:00,#tech #news,8479500,423975,35845,31891,5.80%,0.65,1,491711,High Engagement
SM_100258,X,text,Text,Sports,en,Brazil,07-11-2024 00:00,#fyp #news #viral,3307160,413395,36225,41875,14.86%,0.29,1,491495,High Engagement
SM_101475,X,carousel,Carousel,Entertainment,ur,US,16-05-2024 00:00,#funny #news #viral,6944272,434017,6732,50718,7.08%,-0.54,1,491467,High Engagement
SM_100684,YouTube Shorts,carousel,Carousel,Education,ur,India,12-03-2024 00:00,#funny #trending #viral,4295840,429584,24955,36789,11.44%,0.58,1,491328,High Engagement
SM_100412,YouTube Shorts,text,Text,Lifestyle,es,UK,28-05-2024 00:00,#fyp #ai #trending #tech,11903175,476127,4475,10226,4.12%,-0.81,1,490828,Low Engagement
SM_100757,Instagram,video,Video,Education,ur,US,12-01-2024 00:00,#music #ai #viral #news #tech,9753125,390125,6323,94231,5.03%,0.43,1,490679,High Engagement
SM_101507,YouTube Shorts,text,Text,Education,hi,Brazil,06-11-2024 00:00,#funny #ai,4954716,381132,34770,74500,9.90%,-0.73,1,490402,High Engagement
SM_100667,Instagram,video,Video,Politics,fr,India,01-02-2024 00:00,#trending #music #ai #viral #fyp,5250180,437515,8215,44364,9.33%,0.82,1,490094,High Engagement
SM_101352,X,text,Text,Education,es,India,08-07-2024 00:00,#fyp #funny #music,8845944,368581,33756,87528,5.54%,0.09,1,489865,High Engagement
SM_101876,X,carousel,Carousel,Technology,en,Brazil,07-09-2024 00:00,#funny #music #news #ai #viral,6972976,435811,21173,32625,7.02%,-0.87,1,489609,High Engagement
SM_100103,Instagram,video,Video,Technology,es,Pakistan,14-11-2024 00:00,#viral #trending #news,1816430,363286,28079,97857,26.93%,0.3,0,489222,High Engagement
SM_101098,YouTube Shorts,image,Image,Politics,hi,US,09-07-2024 00:00,#tech #funny #music #viral #ai,11252020,432770,1592,54711,4.35%,-0.55,1,489073,Low Engagement
SM_100933,TikTok,video,Video,Politics,fr,India,11-09-2024 00:00,#funny #fyp #viral #ai #music,12335036,440537,44947,3454,3.96%,0.23,1,488938,Low Engagement
SM_100811,YouTube Shorts,text,Text,Entertainment,fr,US,23-09-2024 00:00,#viral #news #ai,5758704,411336,8160,69120,8.48%,0.61,1,488616,High Engagement
SM_100570,X,video,Video,Politics,es,India,24-12-2024 00:00,#ai #fyp,3348760,418595,43368,26202,14.58%,-0.9,1,488165,High Engagement
SM_101625,Instagram,image,Image,Sports,fr,Brazil,09-07-2024 00:00,#news #funny #ai #music #tech,8427840,351160,42436,94456,5.79%,0.03,1,488052,High Engagement
SM_101777,YouTube Shorts,video,Video,Technology,ur,Pakistan,21-01-2024 00:00,#trending #music #ai #viral,5899290,393286,9101,85475,8.27%,0.16,1,487862,High Engagement
SM_101458,TikTok,video,Video,Education,en,Brazil,08-05-2024 00:00,#fyp #ai #news #viral,10235925,409437,1679,76412,4.76%,0.46,1,487528,Low Engagement
SM_100048,TikTok,carousel,Carousel,Politics,en,US,20-01-2024 00:00,#funny #news,2302930,460586,18232,8681,21.17%,-0.21,1,487499,High Engagement
SM_101892,X,text,Text,Politics,hi,US,13-09-2024 00:00,#fyp #tech #trending,5027360,386720,39714,59847,9.67%,-0.83,1,486281,High Engagement
SM_101808,Instagram,text,Text,Education,en,India,06-07-2024 00:00,#fyp #tech #music,8714575,348583,48119,89235,5.58%,0.35,1,485937,High Engagement
SM_101996,Instagram,text,Text,Politics,en,Brazil,12-02-2024 00:00,#viral #trending,5604744,467062,2764,16092,8.67%,0.29,1,485918,High Engagement
SM_101166,Instagram,carousel,Carousel,Education,ur,Pakistan,21-10-2024 00:00,#funny #ai #viral #fyp #music,7258220,362911,24540,98065,6.69%,0.29,1,485516,High Engagement
SM_100835,Instagram,image,Image,Politics,hi,India,20-09-2024 00:00,#music #tech #ai,5333640,410280,37731,37045,9.09%,-1,1,485056,High Engagement
SM_101898,TikTok,text,Text,Politics,fr,Pakistan,11-02-2024 00:00,#music #fyp #ai #trending,2768328,346041,44937,93956,17.52%,0.64,1,484934,High Engagement
SM_100329,TikTok,carousel,Carousel,Entertainment,fr,UK,24-07-2024 00:00,#news #ai #fyp,5970244,426446,32093,26293,8.12%,-0.79,1,484832,High Engagement
SM_100179,TikTok,text,Text,Politics,fr,India,25-07-2024 00:00,#fyp #news #ai #funny #tech,12848598,475874,60,8718,3.77%,0.06,1,484652,Low Engagement
SM_101145,Instagram,text,Text,Technology,fr,Brazil,25-09-2024 00:00,#music #fyp,3278200,409775,32448,42317,14.78%,0.95,1,484540,High Engagement
SM_101251,TikTok,image,Image,Technology,hi,India,22-04-2024 00:00,#news #trending #ai #tech #funny,4812104,437464,24851,22196,10.07%,-0.24,1,484511,High Engagement
SM_101377,TikTok,carousel,Carousel,Politics,ur,Brazil,16-04-2024 00:00,#funny #fyp #tech,10416252,372009,19588,92692,4.65%,-0.86,1,484289,Low Engagement
SM_101926,X,image,Image,Lifestyle,ur,US,21-11-2024 00:00,#ai #tech #viral #fyp,10920812,390029,15759,78114,4.43%,-0.12,1,483902,Low Engagement
SM_101982,TikTok,video,Video,Lifestyle,hi,India,09-11-2024 00:00,#ai #funny #fyp #viral,12766554,440226,23009,20432,3.79%,0.82,1,483667,Low Engagement
SM_100533,TikTok,text,Text,Lifestyle,ur,Brazil,01-12-2024 00:00,#tech #viral #news #trending,6980976,387832,16002,79752,6.93%,0.46,1,483586,High Engagement
SM_100498,X,image,Image,Politics,es,India,29-03-2024 00:00,#trending #viral #news #music,2861166,408738,42473,32372,16.90%,-0.26,1,483583,High Engagement
SM_101700,TikTok,video,Video,Entertainment,hi,UK,24-07-2024 00:00,#tech #trending #music #fyp,11515550,460622,12310,9970,4.19%,0.25,1,482902,Low Engagement
SM_100793,YouTube Shorts,image,Image,Technology,hi,Brazil,17-02-2024 00:00,#funny #fyp #tech,4271560,427156,32435,23092,11.30%,-0.42,1,482683,High Engagement
SM_100115,X,carousel,Carousel,Lifestyle,hi,Brazil,13-08-2024 00:00,#music #viral #funny,11306646,434871,46964,729,4.27%,-0.41,1,482564,Low Engagement
SM_100695,X,video,Video,Politics,es,Pakistan,07-10-2024 00:00,#fyp #music #viral #funny,12200524,435733,39753,7070,3.96%,0.96,1,482556,Low Engagement
SM_101964,Instagram,carousel,Carousel,Entertainment,en,Pakistan,27-12-2024 00:00,#tech #fyp,9101760,455088,13829,13445,5.30%,-0.48,1,482362,High Engagement
SM_101556,YouTube Shorts,carousel,Carousel,Entertainment,hi,Pakistan,13-12-2024 00:00,#viral #funny #news #trending,7867662,357621,42868,81838,6.13%,0.31,1,482327,High Engagement
SM_101025,X,video,Video,Education,en,UK,27-03-2024 00:00,#funny #fyp #ai #trending,10340757,382991,19572,79676,4.66%,-0.84,1,482239,Low Engagement
SM_101706,Instagram,image,Image,Entertainment,fr,Brazil,07-01-2024 00:00,#tech #news #funny,7446708,413706,9872,58467,6.47%,0.09,1,482045,High Engagement
SM_101442,TikTok,text,Text,Education,en,UK,31-08-2024 00:00,#ai #funny #news #fyp,3796530,379653,11824,90350,12.69%,-0.01,1,481827,High Engagement
SM_101588,TikTok,carousel,Carousel,Sports,fr,India,26-08-2024 00:00,#trending #ai #fyp #music,4189801,380891,25097,75646,11.50%,-0.65,1,481634,High Engagement
SM_100957,Instagram,image,Image,Politics,es,Brazil,12-12-2024 00:00,#news #trending #music,4089432,340786,48541,92068,11.77%,-0.15,1,481395,High Engagement
SM_100972,YouTube Shorts,text,Text,Technology,fr,UK,10-09-2024 00:00,#music #fyp #tech,5317858,379847,27531,73494,9.04%,0.32,1,480872,High Engagement
SM_100456,Instagram,image,Image,Education,es,UK,24-12-2024 00:00,#fyp #funny,5530629,425433,23169,31911,8.69%,0.39,1,480513,High Engagement
SM_100932,Instagram,carousel,Carousel,Education,fr,Brazil,23-01-2024 00:00,#trending #viral #fyp,9986860,384110,26834,69167,4.81%,-0.47,1,480111,Low Engagement
SM_100018,YouTube Shorts,video,Video,Technology,ur,Pakistan,02-03-2024 00:00,#ai #tech,7635853,401887,39981,38045,6.28%,-0.67,1,479913,High Engagement
SM_101391,X,text,Text,Entertainment,en,India,06-06-2024 00:00,#ai #music,7447240,391960,19787,67692,6.44%,0.76,1,479439,High Engagement
SM_100432,Instagram,text,Text,Lifestyle,hi,US,28-08-2024 00:00,#tech #viral #news,7997366,420914,11568,46820,5.99%,-0.21,1,479302,High Engagement
SM_101122,TikTok,image,Image,Politics,en,Brazil,01-02-2024 00:00,#trending #viral #music #tech,3953191,359381,38089,81781,12.12%,0.46,1,479251,High Engagement
SM_100505,TikTok,image,Image,Politics,es,Pakistan,07-07-2024 00:00,#ai #viral,11591175,463647,10639,4799,4.13%,0.69,1,479085,Low Engagement
SM_100897,YouTube Shorts,text,Text,Sports,ur,Pakistan,26-06-2024 00:00,#fyp #music #funny,1972250,394450,30136,54319,24.28%,-0.57,0,478905,High Engagement
SM_100816,Instagram,video,Video,Sports,fr,India,30-11-2024 00:00,#news #funny,11331518,390742,2181,85664,4.22%,0.52,1,478587,Low Engagement
SM_100141,TikTok,image,Image,Politics,fr,US,18-05-2024 00:00,#tech #music #ai #news,9703575,388143,23964,66204,4.93%,-0.45,1,478311,Low Engagement
SM_101285,Instagram,text,Text,Education,fr,Pakistan,17-01-2024 00:00,#ai #fyp #viral #funny #trending,7977270,379870,45752,52350,5.99%,0.91,1,477972,High Engagement
SM_101860,X,video,Video,Education,es,Brazil,23-09-2024 00:00,#viral #funny #fyp #trending #news,9672768,403032,41568,33350,4.94%,0.11,1,477950,Low Engagement
SM_101611,YouTube Shorts,text,Text,Sports,en,US,20-07-2024 00:00,#ai #trending #viral #news,5706225,380415,35717,61721,8.37%,-0.12,1,477853,High Engagement
SM_100100,YouTube Shorts,carousel,Carousel,Sports,fr,Pakistan,02-03-2024 00:00,#fyp #trending,7958540,397927,27668,51992,6.00%,0.29,1,477587,High Engagement
SM_100355,YouTube Shorts,carousel,Carousel,Lifestyle,en,India,18-11-2024 00:00,#news #ai,8285136,345214,46770,85554,5.76%,-0.96,1,477538,High Engagement
SM_101914,Instagram,text,Text,Lifestyle,ur,India,06-09-2024 00:00,#music #trending #funny,9401342,408754,23390,45000,5.08%,-0.39,1,477144,High Engagement
SM_100848,Instagram,text,Text,Lifestyle,hi,UK,09-03-2024 00:00,#viral #trending #ai,9110668,396116,38083,42713,5.23%,-0.26,1,476912,High Engagement
SM_100805,Instagram,text,Text,Entertainment,es,India,16-09-2024 00:00,#news #ai #fyp #tech #funny,6194000,387125,30878,58628,7.70%,0.59,1,476631,High Engagement
SM_101868,YouTube Shorts,carousel,Carousel,Sports,hi,Brazil,16-12-2024 00:00,#viral #tech #ai #news,8282043,394383,20612,61598,5.75%,0.9,1,476593,High Engagement
SM_100464,TikTok,video,Video,Politics,fr,UK,01-04-2024 00:00,#fyp #tech #music #trending #ai,2789955,398565,19206,58577,17.07%,0.46,1,476348,High Engagement
SM_100447,YouTube Shorts,text,Text,Entertainment,fr,India,03-11-2024 00:00,#funny #tech #fyp #music,5462842,390203,10622,75389,8.72%,0.8,1,476214,High Engagement
SM_100215,Instagram,text,Text,Technology,fr,India,18-01-2024 00:00,#trending #fyp #tech,3973340,397334,11307,67507,11.98%,0.88,1,476148,High Engagement
SM_100418,X,image,Image,Entertainment,en,India,05-03-2024 00:00,#funny #fyp #trending #ai #tech,2613618,435603,13385,26985,18.21%,1,1,475973,High Engagement
SM_100300,TikTok,image,Image,Politics,en,US,25-04-2024 00:00,#viral #music,7577053,445709,550,29431,6.28%,0.06,1,475690,High Engagement
SM_100237,Instagram,video,Video,Entertainment,en,Brazil,14-02-2024 00:00,#fyp #music #funny #ai,4889625,325975,49693,99930,9.73%,0.85,1,475598,High Engagement
SM_100659,Instagram,text,Text,Politics,fr,Brazil,22-03-2024 00:00,#ai #music #tech #trending,8402352,400112,21185,54246,5.66%,-0.99,1,475543,High Engagement
SM_101907,TikTok,video,Video,Technology,fr,UK,15-03-2024 00:00,#news #funny #trending #ai #tech,7551378,419521,25575,30256,6.29%,-0.94,1,475352,High Engagement
SM_100910,YouTube Shorts,carousel,Carousel,Sports,ur,India,01-10-2024 00:00,#fyp #music #tech #viral,3111144,388893,7357,79053,15.28%,0.18,1,475303,High Engagement
SM_101724,X,video,Video,Entertainment,ur,Pakistan,07-06-2024 00:00,#news #trending #tech #music,5518704,459892,2691,12667,8.61%,-0.32,1,475250,High Engagement
SM_101012,YouTube Shorts,image,Image,Politics,es,Pakistan,22-11-2024 00:00,#viral #fyp #funny,8201592,390552,5755,78769,5.79%,0.71,1,475076,High Engagement
SM_101069,X,image,Image,Politics,fr,Brazil,04-10-2024 00:00,#funny #tech #trending #music #news,9336033,444573,29969,308,5.09%,0.41,1,474850,High Engagement
SM_100845,Instagram,carousel,Carousel,Education,es,US,21-11-2024 00:00,#news #music #funny,5155657,396589,47140,30882,9.21%,-0.46,1,474611,High Engagement
SM_100877,YouTube Shorts,text,Text,Entertainment,fr,Pakistan,25-11-2024 00:00,#viral #funny #tech #ai #music,5956560,372285,14261,87729,7.96%,-0.85,1,474275,High Engagement
SM_100737,Instagram,carousel,Carousel,Entertainment,es,India,06-07-2024 00:00,#tech #music #trending #news,2112462,352077,40596,81254,22.43%,-0.85,1,473927,High Engagement
SM_100701,YouTube Shorts,text,Text,Education,en,UK,01-09-2024 00:00,#funny #music #ai #tech #trending,8165780,408289,5624,59501,5.80%,0.55,1,473414,High Engagement
SM_101900,TikTok,text,Text,Entertainment,ur,UK,13-11-2024 00:00,#funny #news,2130050,426010,24235,22996,22.22%,-0.84,1,473241,High Engagement
SM_101523,Instagram,carousel,Carousel,Entertainment,fr,Brazil,14-11-2024 00:00,#fyp #trending,3215368,401921,15766,55502,14.72%,-0.4,1,473189,High Engagement
SM_100750,X,video,Video,Politics,fr,Brazil,07-03-2024 00:00,#funny #tech #ai,4252130,425213,3172,44758,11.13%,0.79,1,473143,High Engagement
SM_100398,Instagram,image,Image,Politics,ur,Brazil,13-04-2024 00:00,#tech #trending #ai #news,2687958,383994,36147,52234,17.57%,-0.12,1,472375,High Engagement
SM_100249,YouTube Shorts,carousel,Carousel,Technology,en,Brazil,15-11-2024 00:00,#news #fyp #ai #trending #funny,2931866,418838,12347,40807,16.10%,-0.25,1,471992,High Engagement
SM_100128,TikTok,video,Video,Sports,es,India,23-03-2024 00:00,#ai #viral #tech,3468624,433578,37085,1325,13.61%,-0.3,1,471988,High Engagement
SM_101550,YouTube Shorts,image,Image,Sports,en,US,25-10-2024 00:00,#fyp #viral #trending,8336328,378924,41271,51013,5.65%,-0.82,1,471208,High Engagement
SM_100136,TikTok,carousel,Carousel,Lifestyle,ur,Brazil,03-12-2024 00:00,#news #tech,10816416,416016,34625,20560,4.36%,0.85,1,471201,Low Engagement
SM_100235,YouTube Shorts,text,Text,Education,hi,UK,03-01-2024 00:00,#tech #trending #ai,5936970,456690,2713,11695,7.93%,0.49,1,471098,High Engagement
SM_101274,Instagram,image,Image,Sports,es,India,22-11-2024 00:00,#ai #tech #trending #news,7493505,394395,29855,46752,6.29%,-0.17,1,471002,High Engagement
SM_101680,Instagram,image,Image,Education,es,US,17-10-2024 00:00,#fyp #ai #trending #news #funny,7008608,438038,17553,15079,6.72%,-0.73,1,470670,High Engagement
SM_101335,TikTok,text,Text,Politics,ur,India,19-12-2024 00:00,#viral #fyp,3809240,380924,17302,71895,12.34%,0.37,1,470121,High Engagement
SM_101495,YouTube Shorts,text,Text,Education,es,Brazil,07-11-2024 00:00,#tech #viral #news,6795296,424706,13166,32153,6.92%,-0.11,1,470025,High Engagement
SM_100352,TikTok,text,Text,Lifestyle,es,India,10-11-2024 00:00,#ai #tech #news #trending,8301216,395296,48295,26432,5.66%,0.3,1,470023,High Engagement
SM_100317,Instagram,carousel,Carousel,Politics,ur,India,14-03-2024 00:00,#music #tech,2931187,418741,26690,24579,16.03%,-0.55,1,470010,High Engagement
SM_101191,X,video,Video,Entertainment,en,Pakistan,14-09-2024 00:00,#tech #funny #ai #fyp,9162648,398376,10905,60520,5.13%,0.19,1,469801,High Engagement
SM_100161,X,image,Image,Education,hi,India,05-05-2024 00:00,#trending #ai #fyp #tech #viral,7818919,339953,37446,92235,6.01%,0.81,1,469634,High Engagement
SM_101960,Instagram,carousel,Carousel,Sports,en,UK,28-02-2024 00:00,#news #fyp,4705646,427786,18390,23297,9.98%,0.11,1,469473,High Engagement
SM_100290,X,video,Video,Lifestyle,es,UK,06-01-2024 00:00,#trending #music #viral #fyp #news,9228500,369140,12187,87834,5.08%,-0.05,1,469161,High Engagement
SM_101096,X,image,Image,Lifestyle,hi,UK,21-03-2024 00:00,#viral #music,4652960,357920,41696,69498,10.08%,-0.94,1,469114,High Engagement
SM_100072,YouTube Shorts,text,Text,Politics,en,Pakistan,06-06-2024 00:00,#viral #funny #news #music #fyp,11659452,416409,574,51886,4.02%,-0.58,1,468869,Low Engagement
SM_101183,YouTube Shorts,image,Image,Lifestyle,en,UK,24-06-2024 00:00,#viral #trending #funny #news #fyp,10794351,372219,13215,83330,4.34%,0.93,1,468764,Low Engagement
SM_101863,X,text,Text,Technology,en,US,27-09-2024 00:00,#tech #trending #news,5305080,353672,39606,73890,8.81%,0.25,1,467168,High Engagement
SM_101915,YouTube Shorts,text,Text,Lifestyle,ur,US,08-07-2024 00:00,#ai #tech #funny #viral,9663082,371657,41217,54214,4.83%,0.56,1,467088,Low Engagement
SM_101861,Instagram,image,Image,Technology,ur,US,16-03-2024 00:00,#funny #fyp #tech #viral,8610290,331165,36543,99280,5.42%,-0.46,1,466988,High Engagement
SM_101630,YouTube Shorts,text,Text,Lifestyle,hi,US,13-01-2024 00:00,#fyp #music,12374544,441948,21581,3321,3.77%,0.93,1,466850,Low Engagement
SM_100248,TikTok,text,Text,Politics,hi,India,25-03-2024 00:00,#ai #trending,9287982,422181,6650,38001,5.03%,-0.01,1,466832,High Engagement
SM_101772,X,text,Text,Entertainment,fr,Brazil,19-09-2024 00:00,#funny #news,5808928,363058,18038,85611,8.03%,-0.96,1,466707,High Engagement
SM_101179,YouTube Shorts,video,Video,Sports,en,Brazil,17-02-2024 00:00,#viral #ai #trending,6974540,348727,29983,87593,6.69%,-0.32,1,466303,High Engagement
SM_101215,YouTube Shorts,image,Image,Politics,hi,US,07-05-2024 00:00,#news #trending #ai #viral,3386850,338685,46126,81419,13.77%,0.05,1,466230,High Engagement
SM_100423,TikTok,image,Image,Lifestyle,en,Pakistan,19-06-2024 00:00,#music #ai,9059607,335541,31121,99305,5.14%,-0.13,1,465967,High Engagement
SM_100596,X,image,Image,Politics,en,India,30-05-2024 00:00,#music #ai #news #fyp #tech,5307315,408255,786,56701,8.78%,0.12,1,465742,High Engagement
SM_101634,TikTok,carousel,Carousel,Sports,fr,India,06-07-2024 00:00,#fyp #ai #funny #music,4787664,341976,42117,81495,9.72%,0.03,1,465588,High Engagement
SM_100041,YouTube Shorts,text,Text,Technology,fr,Brazil,22-09-2024 00:00,#ai #trending #funny #music,1872125,374425,859,90085,24.86%,0.27,0,465369,High Engagement
SM_100759,YouTube Shorts,carousel,Carousel,Lifestyle,es,Pakistan,10-02-2024 00:00,#music #funny #ai #tech #news,4976868,382836,28104,54041,9.34%,-0.79,1,464981,High Engagement
SM_101498,Instagram,video,Video,Politics,fr,India,12-12-2024 00:00,#music #funny,7582950,421275,16487,27106,6.13%,-0.63,1,464868,High Engagement
SM_101011,Instagram,text,Text,Education,es,Brazil,21-12-2024 00:00,#news #ai #funny #music,7691652,427314,27235,9077,6.03%,-0.33,1,463626,High Engagement
SM_101541,Instagram,image,Image,Education,es,US,01-05-2024 00:00,#fyp #music #trending #news,5784720,361545,14395,87476,8.01%,-0.83,1,463416,High Engagement
SM_101578,X,text,Text,Sports,en,India,15-08-2024 00:00,#ai #news,7625720,381286,23549,58536,6.08%,-0.37,1,463371,High Engagement
SM_100621,TikTok,image,Image,Technology,en,Pakistan,11-07-2024 00:00,#ai #news #tech #trending,2879618,411374,11106,40719,16.09%,-0.94,1,463199,High Engagement
SM_100444,Instagram,image,Image,Education,en,US,11-01-2024 00:00,#music #funny,5809874,414991,5500,42669,7.97%,-0.78,1,463160,High Engagement
SM_100025,Instagram,text,Text,Education,en,India,11-05-2024 00:00,#tech #funny #ai #music,2628472,375496,8115,79310,17.61%,0.52,1,462921,High Engagement
SM_100357,Instagram,carousel,Carousel,Education,ur,UK,28-06-2024 00:00,#fyp #tech,12961289,446941,15256,527,3.57%,-1,1,462724,Low Engagement
SM_100620,X,carousel,Carousel,Politics,hi,Pakistan,14-08-2024 00:00,#fyp #funny #ai,7123599,339219,41860,81558,6.49%,0.68,1,462637,High Engagement
SM_100899,X,text,Text,Education,en,Pakistan,01-01-2024 00:00,#music #viral,1909865,381973,27591,53054,24.22%,0.35,0,462618,High Engagement
SM_101331,X,video,Video,Politics,es,Pakistan,24-07-2024 00:00,#funny #trending #music #viral,8035923,382663,48674,31187,5.76%,-0.88,1,462524,High Engagement
SM_100756,YouTube Shorts,video,Video,Lifestyle,ur,Brazil,24-11-2024 00:00,#tech #music #trending #fyp,9413748,324612,44864,92123,4.90%,0.41,1,461599,Low Engagement
SM_101499,TikTok,video,Video,Lifestyle,es,US,30-11-2024 00:00,#funny #tech #fyp,7182280,359114,19054,83309,6.43%,0.63,1,461477,High Engagement
SM_101280,X,video,Video,Lifestyle,hi,India,30-11-2024 00:00,#news #ai,8224547,357589,34557,69323,5.61%,0.99,1,461469,High Engagement
SM_100976,TikTok,carousel,Carousel,Technology,hi,Pakistan,31-07-2024 00:00,#viral #news,9487825,379513,1098,80765,4.86%,0.78,1,461376,Low Engagement
SM_101092,YouTube Shorts,carousel,Carousel,Politics,hi,US,27-03-2024 00:00,#fyp #music,6660872,391816,47164,20923,6.90%,0.17,1,459903,High Engagement
SM_100920,TikTok,video,Video,Sports,ur,Pakistan,18-10-2024 00:00,#viral #music,4954978,353927,38894,66737,9.27%,-0.46,1,459558,High Engagement
SM_101441,YouTube Shorts,video,Video,Entertainment,fr,India,22-06-2024 00:00,#music #tech #ai #funny #news,7214490,400805,26116,32356,6.37%,0.15,1,459277,High Engagement
SM_101538,TikTok,carousel,Carousel,Politics,hi,Brazil,06-05-2024 00:00,#news #fyp #music #ai,7861423,341801,46141,71261,5.84%,-0.19,1,459203,High Engagement
SM_100182,Instagram,carousel,Carousel,Technology,fr,US,23-12-2024 00:00,#ai #news #fyp #trending,2305177,329311,40945,88870,19.92%,-0.21,1,459126,High Engagement
SM_101349,X,video,Video,Sports,es,US,22-02-2024 00:00,#viral #music #trending #fyp #funny,8193658,372439,47771,38738,5.60%,-0.39,1,458948,High Engagement
SM_100921,Instagram,carousel,Carousel,Politics,hi,UK,05-09-2024 00:00,#fyp #tech #music #news #trending,10110075,404403,30821,23409,4.54%,0.81,1,458633,Low Engagement
SM_100992,TikTok,carousel,Carousel,Technology,fr,Pakistan,05-03-2024 00:00,#funny #news #ai #tech,8850584,384808,3267,70533,5.18%,-0.11,1,458608,High Engagement
SM_101260,X,text,Text,Sports,ur,Brazil,16-02-2024 00:00,#tech #ai #viral,7015161,369219,11711,77607,6.54%,0.25,1,458537,High Engagement
SM_101237,TikTok,carousel,Carousel,Politics,hi,Brazil,12-05-2024 00:00,#trending #ai #viral #fyp,9300648,332166,32268,93949,4.93%,0.61,1,458383,Low Engagement
SM_100193,TikTok,text,Text,Education,fr,Pakistan,23-11-2024 00:00,#tech #funny #viral,3345072,418134,35363,4325,13.69%,1,1,457822,High Engagement
SM_100653,Instagram,carousel,Carousel,Education,ur,Brazil,17-07-2024 00:00,#news #ai #fyp #music #viral,11876949,439887,198,17570,3.85%,0.97,1,457655,Low Engagement
SM_101839,Instagram,text,Text,Politics,en,UK,10-10-2024 00:00,#funny #trending #news,6395343,336597,28960,92092,7.16%,-0.67,1,457649,High Engagement
SM_100609,X,carousel,Carousel,Lifestyle,fr,India,02-05-2024 00:00,#news #ai #funny,6592940,387820,15154,54401,6.94%,0.97,1,457375,High Engagement
SM_100566,X,image,Image,Education,es,India,25-08-2024 00:00,#trending #ai #tech,8228064,316464,46703,93809,5.55%,-0.45,1,456976,High Engagement
SM_101229,X,text,Text,Lifestyle,es,Pakistan,30-11-2024 00:00,#viral #music #ai #tech #fyp,4076430,407643,48349,947,11.21%,-0.23,1,456939,High Engagement
SM_100510,TikTok,video,Video,Politics,fr,Pakistan,05-01-2024 00:00,#funny #tech,7055600,352780,39045,64642,6.47%,-0.49,1,456467,High Engagement
SM_100792,Instagram,video,Video,Education,es,India,29-06-2024 00:00,#news #tech #ai,5828325,388555,13384,54255,7.83%,-0.48,1,456194,High Engagement
SM_101250,TikTok,video,Video,Politics,ur,Brazil,03-02-2024 00:00,#viral #tech #trending #news #funny,1929835,385967,42747,26141,23.57%,0.13,0,454855,High Engagement
SM_100975,X,image,Image,Entertainment,hi,Pakistan,25-02-2024 00:00,#music #ai #fyp #funny,2049300,409860,15904,29064,22.19%,-0.07,1,454828,High Engagement
SM_101710,YouTube Shorts,text,Text,Entertainment,ur,US,08-06-2024 00:00,#music #viral,6037318,431237,4903,18563,7.53%,0.97,1,454703,High Engagement
SM_100178,TikTok,image,Image,Education,hi,Brazil,14-08-2024 00:00,#fyp #ai #funny #music #news,9356256,389844,14183,50429,4.86%,-0.58,1,454456,Low Engagement
SM_100210,YouTube Shorts,video,Video,Lifestyle,en,UK,23-01-2024 00:00,#trending #viral #news #tech,11408397,393393,40350,20612,3.98%,0.75,1,454355,Low Engagement
SM_100152,Instagram,text,Text,Education,en,US,07-03-2024 00:00,#viral #funny #music,3802545,422505,12768,18385,11.93%,1,1,453658,High Engagement
SM_100731,Instagram,image,Image,Politics,es,UK,25-08-2024 00:00,#trending #tech #funny #ai #fyp,2003055,400611,41165,11391,22.62%,0.69,1,453167,High Engagement
SM_101111,TikTok,text,Text,Technology,hi,US,24-06-2024 00:00,#funny #tech,8576442,408402,17392,27043,5.28%,0.3,1,452837,High Engagement
SM_100749,Instagram,image,Image,Lifestyle,fr,Brazil,24-02-2024 00:00,#music #funny,7390362,351922,46525,54239,6.13%,0.02,1,452686,High Engagement
SM_100234,TikTok,image,Image,Entertainment,fr,US,26-09-2024 00:00,#music #fyp,10258974,379962,19261,53174,4.41%,-0.55,1,452397,Low Engagement
SM_100964,TikTok,image,Image,Lifestyle,fr,UK,26-01-2024 00:00,#music #trending #tech #funny,7605440,380272,39183,32822,5.95%,-0.6,1,452277,High Engagement
SM_100416,Instagram,text,Text,Technology,es,US,09-10-2024 00:00,#fyp #music #news,4472304,372692,29264,50139,10.11%,0.59,1,452095,High Engagement
SM_101157,YouTube Shorts,carousel,Carousel,Entertainment,hi,UK,27-11-2024 00:00,#music #viral #trending #ai #fyp,2611072,326384,41794,83830,17.31%,0.77,1,452008,High Engagement
SM_101089,Instagram,text,Text,Entertainment,ur,India,05-06-2024 00:00,#fyp #tech #music #news #funny,2313871,330553,45932,75415,19.53%,-0.18,1,451900,High Engagement
SM_100813,TikTok,carousel,Carousel,Education,hi,UK,07-12-2024 00:00,#trending #music #funny #news,11356254,436779,9140,5723,3.98%,-0.14,1,451642,Low Engagement
SM_100982,YouTube Shorts,text,Text,Politics,hi,Brazil,26-05-2024 00:00,#fyp #music #funny,5978560,427040,9311,14909,7.55%,-0.99,1,451260,High Engagement
SM_101832,YouTube Shorts,image,Image,Lifestyle,es,US,12-10-2024 00:00,#fyp #news #trending #funny #ai,4125920,412592,31928,5535,10.91%,0.65,1,450055,High Engagement
SM_100974,TikTok,video,Video,Sports,es,US,02-04-2024 00:00,#music #funny #trending #fyp #viral,3373587,374843,25944,49146,13.34%,0.5,1,449933,High Engagement
SM_100064,Instagram,carousel,Carousel,Entertainment,fr,India,13-12-2024 00:00,#tech #fyp #viral,2395266,399211,19743,30747,18.77%,-0.3,1,449701,High Engagement
SM_101239,YouTube Shorts,carousel,Carousel,Lifestyle,ur,Pakistan,15-03-2024 00:00,#ai #trending #viral #funny #tech,7644140,382207,512,66973,5.88%,0.12,1,449692,High Engagement
SM_101207,X,video,Video,Sports,fr,US,03-07-2024 00:00,#tech #fyp #music,4951648,309478,47296,92869,9.08%,0.39,1,449643,High Engagement
SM_100426,X,text,Text,Lifestyle,fr,Brazil,30-12-2024 00:00,#music #fyp #trending,10519402,362738,9113,77715,4.27%,0.19,1,449566,Low Engagement
SM_101698,Instagram,video,Video,Technology,es,US,01-02-2024 00:00,#music #trending #news #fyp,3630744,403416,7861,38170,12.38%,-0.48,1,449447,High Engagement
SM_101732,YouTube Shorts,video,Video,Politics,es,Pakistan,14-07-2024 00:00,#music #viral,4030680,403068,3462,42617,11.14%,-0.35,1,449147,High Engagement
SM_101797,TikTok,text,Text,Sports,es,Pakistan,26-11-2024 00:00,#music #funny #fyp #news,7556243,397697,31052,19559,5.93%,-0.97,1,448308,High Engagement
SM_100504,TikTok,carousel,Carousel,Sports,hi,Pakistan,12-02-2024 00:00,#music #tech #viral #news #trending,9381456,446736,676,164,4.77%,-0.78,1,447576,Low Engagement
SM_100960,TikTok,text,Text,Sports,ur,Pakistan,26-09-2024 00:00,#fyp #music #ai #tech #viral,4204882,382262,24260,41004,10.64%,0.33,1,447526,High Engagement
SM_100199,YouTube Shorts,carousel,Carousel,Politics,ur,UK,24-04-2024 00:00,#news #funny,3298280,329828,39006,78478,13.56%,0.16,1,447312,High Engagement
SM_100450,TikTok,video,Video,Lifestyle,hi,US,07-06-2024 00:00,#fyp #trending #viral,4590950,327925,37783,81572,9.74%,-0.1,1,447280,High Engagement
SM_101362,YouTube Shorts,carousel,Carousel,Entertainment,en,UK,29-12-2024 00:00,#news #fyp,8082200,351400,28312,67088,5.53%,-0.89,1,446800,High Engagement
SM_101460,YouTube Shorts,text,Text,Lifestyle,hi,UK,10-08-2024 00:00,#trending #tech #viral #fyp #news,7629740,381487,10497,54798,5.86%,-0.13,1,446782,High Engagement
SM_100295,YouTube Shorts,image,Image,Sports,hi,US,12-03-2024 00:00,#ai #viral #news,5348523,314619,35440,96444,8.35%,-0.85,1,446503,High Engagement
SM_101788,YouTube Shorts,image,Image,Entertainment,ur,Pakistan,12-10-2024 00:00,#trending #tech #ai,7006789,304643,44018,97606,6.37%,-0.82,1,446267,High Engagement
SM_101204,X,carousel,Carousel,Education,en,Pakistan,02-01-2024 00:00,#viral #tech,2571114,367302,28184,50734,17.36%,0.63,1,446220,High Engagement
SM_100512,YouTube Shorts,text,Text,Education,es,UK,22-01-2024 00:00,#fyp #news #viral #tech,10139428,389978,27430,28603,4.40%,0.27,1,446011,Low Engagement
SM_101151,YouTube Shorts,image,Image,Technology,hi,Pakistan,05-06-2024 00:00,#news #funny #viral,6053530,356090,22932,66631,7.36%,0.74,1,445653,High Engagement
SM_100767,Instagram,video,Video,Politics,en,Brazil,11-05-2024 00:00,#ai #trending #tech #funny #music,4809168,369936,18161,57506,9.27%,-0.73,1,445603,High Engagement
SM_100776,TikTok,text,Text,Technology,en,Brazil,13-08-2024 00:00,#trending #viral #music #ai,3589080,358908,1406,85180,12.41%,0.53,1,445494,High Engagement
SM_101621,X,carousel,Carousel,Sports,ur,US,02-07-2024 00:00,#fyp #news #music #viral #ai,3849330,384933,16826,43163,11.56%,0,1,444922,High Engagement
SM_100828,Instagram,carousel,Carousel,Technology,es,Pakistan,20-04-2024 00:00,#trending #music #news,4653588,387799,35953,20701,9.55%,-0.63,1,444453,High Engagement
SM_100955,Instagram,text,Text,Sports,hi,India,28-04-2024 00:00,#funny #fyp,5891550,392770,43631,8027,7.54%,0.66,1,444428,High Engagement
SM_100455,Instagram,video,Video,Entertainment,en,India,01-07-2024 00:00,#news #trending #ai,8242564,374662,4363,65109,5.39%,-0.19,1,444134,High Engagement
SM_101453,YouTube Shorts,carousel,Carousel,Lifestyle,hi,UK,07-03-2024 00:00,#ai #tech #fyp,8613868,374516,25543,43966,5.15%,-0.04,1,444025,High Engagement
SM_101099,Instagram,video,Video,Lifestyle,fr,US,10-03-2024 00:00,#fyp #news #music #viral,9805770,338130,18821,85825,4.52%,0.16,1,442776,Low Engagement
SM_101277,TikTok,video,Video,Entertainment,ur,Pakistan,27-04-2024 00:00,#news #music #trending #viral #funny,3121353,346817,27057,68877,14.18%,-0.81,1,442751,High Engagement
SM_100662,Instagram,carousel,Carousel,Entertainment,hi,UK,19-07-2024 00:00,#trending #fyp #music,10553946,405921,31342,5483,4.20%,0.86,1,442746,Low Engagement
SM_100618,Instagram,image,Image,Education,en,UK,06-06-2024 00:00,#trending #fyp #ai #viral #funny,8589408,357892,25561,59043,5.15%,0.81,1,442496,High Engagement
SM_100909,TikTok,carousel,Carousel,Entertainment,ur,India,29-01-2024 00:00,#tech #viral #ai #fyp #news,8722402,335477,24422,81983,5.07%,0.57,1,441882,High Engagement
SM_101731,X,carousel,Carousel,Education,es,US,12-12-2024 00:00,#music #viral #news #trending,3880320,388032,29720,23807,11.38%,0.34,1,441559,High Engagement
SM_101365,YouTube Shorts,text,Text,Lifestyle,ur,Pakistan,28-11-2024 00:00,#fyp #funny,6958548,386586,45217,9638,6.34%,0.75,1,441441,High Engagement
SM_100111,YouTube Shorts,video,Video,Sports,es,India,29-02-2024 00:00,#news #viral #fyp,6190780,309539,48821,83043,7.13%,-0.75,1,441403,High Engagement
SM_100313,TikTok,image,Image,Sports,es,India,03-12-2024 00:00,#trending #fyp #music #viral #ai,9841817,339373,40047,61666,4.48%,-0.56,1,441086,Low Engagement
SM_100704,Instagram,carousel,Carousel,Sports,fr,India,20-12-2024 00:00,#trending #ai,7862673,374413,9574,56883,5.61%,0.02,1,440870,High Engagement
SM_101174,TikTok,carousel,Carousel,Entertainment,es,US,18-01-2024 00:00,#trending #viral #tech #funny,6927860,346393,3014,89905,6.34%,-0.99,1,439312,High Engagement
SM_101278,YouTube Shorts,text,Text,Sports,es,Brazil,06-11-2024 00:00,#fyp #trending,1973526,328921,25430,84818,22.25%,0.18,0,439169,High Engagement
SM_101709,YouTube Shorts,image,Image,Technology,en,UK,16-06-2024 00:00,#fyp #tech,2119518,353253,39837,45837,20.71%,0.42,1,438927,High Engagement
SM_100824,TikTok,image,Image,Politics,en,Brazil,08-05-2024 00:00,#ai #news #tech #trending #funny,9746750,389870,2876,46003,4.50%,0.03,1,438749,Low Engagement
SM_101163,Instagram,text,Text,Education,ur,UK,17-02-2024 00:00,#news #music #trending #viral,2528872,316109,46691,75911,17.35%,0.96,1,438711,High Engagement
SM_100938,X,video,Video,Technology,es,Pakistan,21-02-2024 00:00,#viral #tech,4445265,404115,5557,28917,9.87%,-0.71,1,438589,High Engagement
SM_101946,YouTube Shorts,video,Video,Lifestyle,es,US,04-06-2024 00:00,#fyp #tech,1814045,362809,10818,64840,24.17%,0.72,0,438467,High Engagement
SM_101791,X,image,Image,Education,es,Brazil,21-05-2024 00:00,#news #ai,8489382,385881,35868,16705,5.16%,0.68,1,438454,High Engagement
SM_101562,TikTok,carousel,Carousel,Lifestyle,ur,Brazil,21-09-2024 00:00,#fyp #tech,7437294,413183,18630,6379,5.89%,0.38,1,438192,High Engagement
SM_100192,X,carousel,Carousel,Entertainment,hi,Pakistan,09-12-2024 00:00,#ai #viral #trending #news,9135963,338369,13923,85656,4.79%,0.69,1,437948,Low Engagement
SM_100054,TikTok,video,Video,Politics,es,Pakistan,30-01-2024 00:00,#trending #fyp #tech,7602040,380102,42647,15152,5.76%,0.79,1,437901,High Engagement
SM_101177,TikTok,text,Text,Politics,fr,Brazil,03-07-2024 00:00,#viral #music #ai #funny,9609184,369584,33788,34153,4.55%,-0.56,1,437525,Low Engagement
SM_100984,Instagram,carousel,Carousel,Technology,es,Brazil,17-09-2024 00:00,#tech #trending #news #music,8139700,325588,35623,76235,5.37%,0.57,1,437446,High Engagement
SM_100267,X,carousel,Carousel,Education,hi,UK,27-11-2024 00:00,#fyp #tech #funny #viral,4819332,344238,31894,61269,9.08%,0.15,1,437401,High Engagement
SM_100717,YouTube Shorts,carousel,Carousel,Education,fr,UK,07-10-2024 00:00,#music #ai #trending #viral #tech,8006220,421380,13532,2455,5.46%,0.21,1,437367,High Engagement
SM_100879,X,carousel,Carousel,Lifestyle,fr,US,11-03-2024 00:00,#ai #tech #music #viral #trending,5126534,366181,5760,65304,8.53%,0.38,1,437245,High Engagement
SM_100818,Instagram,text,Text,Politics,en,UK,13-11-2024 00:00,#viral #news,4322626,392966,40551,3697,10.11%,0.15,1,437214,High Engagement
SM_101767,X,image,Image,Entertainment,es,Brazil,22-07-2024 00:00,#news #fyp,4978545,382965,27689,26394,8.78%,0.32,1,437048,High Engagement
SM_100760,TikTok,text,Text,Entertainment,hi,US,11-06-2024 00:00,#fyp #tech #funny #music #ai,3309030,367670,5847,63116,13.20%,-0.9,1,436633,High Engagement
SM_101856,Instagram,carousel,Carousel,Entertainment,fr,UK,05-01-2024 00:00,#music #viral #funny #ai #tech,9209016,383709,24816,28075,4.74%,-0.88,1,436600,Low Engagement
SM_101077,TikTok,video,Video,Sports,es,Brazil,12-08-2024 00:00,#trending #funny #ai,2523381,360483,44046,31955,17.30%,-0.41,1,436484,High Engagement
SM_101315,TikTok,carousel,Carousel,Sports,fr,UK,19-03-2024 00:00,#fyp #tech #music #trending,8726256,396648,792,38991,5.00%,0.77,1,436431,High Engagement
SM_100340,X,image,Image,Entertainment,en,India,10-08-2024 00:00,#trending #tech #funny #news,6051152,378197,7496,50193,7.20%,-0.87,1,435886,High Engagement
SM_101202,YouTube Shorts,image,Image,Technology,en,India,22-11-2024 00:00,#trending #viral #music,4900065,326671,46939,62048,8.89%,0.66,1,435658,High Engagement
SM_100601,Instagram,image,Image,Technology,en,India,30-01-2024 00:00,#ai #news #fyp,4344483,334191,49164,51708,10.01%,0.16,1,435063,High Engagement
SM_101602,YouTube Shorts,carousel,Carousel,Education,en,India,02-09-2024 00:00,#fyp #tech #music #ai,5819032,342296,19096,73496,7.47%,-0.9,1,434888,High Engagement
SM_100206,X,text,Text,Lifestyle,es,Brazil,11-09-2024 00:00,#viral #news #ai #funny #trending,5825248,364078,5261,65442,7.46%,-0.24,1,434781,High Engagement
SM_101618,Instagram,video,Video,Sports,fr,UK,24-06-2024 00:00,#funny #news,7142727,375933,42572,15621,6.08%,0.31,1,434126,High Engagement
SM_100678,TikTok,image,Image,Sports,fr,US,01-01-2024 00:00,#viral #fyp,3223020,322302,11782,99933,13.47%,0.66,1,434017,High Engagement
SM_101135,YouTube Shorts,text,Text,Lifestyle,en,Brazil,08-07-2024 00:00,#trending #viral,8948791,308579,46811,77854,4.84%,-0.68,1,433244,Low Engagement
SM_100099,Instagram,video,Video,Politics,fr,Pakistan,19-06-2024 00:00,#viral #trending #ai #music,10165036,363037,9828,60161,4.26%,0.32,1,433026,Low Engagement
SM_101759,TikTok,carousel,Carousel,Technology,fr,India,15-11-2024 00:00,#tech #music #ai #viral,7510350,300414,32413,99977,5.76%,-0.96,1,432804,High Engagement
SM_100259,X,carousel,Carousel,Politics,hi,US,27-05-2024 00:00,#trending #funny #viral #fyp,7241071,381109,8710,42881,5.98%,0.25,1,432700,High Engagement
SM_101714,YouTube Shorts,image,Image,Education,fr,Pakistan,19-12-2024 00:00,#tech #fyp,7551060,343230,3680,83997,5.71%,-0.8,1,430907,High Engagement
SM_100051,YouTube Shorts,image,Image,Education,ur,US,12-11-2024 00:00,#funny #ai #tech #news,8963523,309087,31070,90736,4.81%,0.03,1,430893,Low Engagement
SM_101001,X,carousel,Carousel,Entertainment,hi,UK,02-04-2024 00:00,#funny #fyp,4036152,336346,7231,86796,10.66%,0.61,1,430373,High Engagement
SM_101516,X,text,Text,Technology,fr,India,14-01-2024 00:00,#fyp #news #funny,2666880,333360,7059,89627,16.13%,0.88,1,430046,High Engagement
SM_101739,TikTok,carousel,Carousel,Politics,fr,Brazil,23-04-2024 00:00,#ai #viral #trending #fyp,5398435,317555,46582,65868,7.97%,0.71,1,430005,High Engagement
SM_101225,Instagram,image,Image,Entertainment,es,UK,27-08-2024 00:00,#fyp #music #ai #news #tech,5542950,369530,19958,40476,7.76%,0.94,1,429964,High Engagement
SM_101864,X,carousel,Carousel,Sports,en,US,23-04-2024 00:00,#music #viral #fyp,8899176,342276,12067,75387,4.83%,0.21,1,429730,Low Engagement
SM_100579,TikTok,text,Text,Technology,ur,India,15-09-2024 00:00,#news #music,8054376,366108,15897,47300,5.33%,-0.18,1,429305,High Engagement
SM_100057,X,carousel,Carousel,Sports,hi,UK,06-11-2024 00:00,#news #ai #fyp #viral,2718149,388307,2562,38361,15.79%,0.95,1,429230,High Engagement
SM_100339,YouTube Shorts,video,Video,Education,en,US,01-03-2024 00:00,#ai #trending #music #fyp #news,9561600,398400,16666,13508,4.48%,0.38,1,428574,Low Engagement
SM_100777,Instagram,image,Image,Education,ur,Pakistan,02-03-2024 00:00,#viral #ai #music,6930478,364762,19616,43792,6.18%,-0.56,1,428170,High Engagement
SM_101667,TikTok,text,Text,Lifestyle,fr,India,03-08-2024 00:00,#music #news #ai #tech #funny,4314011,331847,36968,59026,9.92%,-0.46,1,427841,High Engagement
SM_100529,YouTube Shorts,video,Video,Politics,en,US,30-08-2024 00:00,#viral #music #news,7824908,300958,49150,77426,5.46%,-0.45,1,427534,High Engagement
SM_101332,YouTube Shorts,image,Image,Education,en,Brazil,31-03-2024 00:00,#music #tech #funny #viral,8860382,385234,21498,20712,4.82%,-0.5,1,427444,Low Engagement
SM_101018,TikTok,image,Image,Lifestyle,en,India,01-06-2024 00:00,#tech #ai,9869020,352465,49348,25480,4.33%,-0.74,1,427293,Low Engagement
SM_101981,YouTube Shorts,text,Text,Sports,ur,US,30-01-2024 00:00,#news #trending,8390124,364788,18711,43517,5.09%,-0.96,1,427016,High Engagement
SM_100139,TikTok,image,Image,Politics,en,Brazil,27-04-2024 00:00,#music #news #viral #ai #funny,6297640,314882,42361,68867,6.77%,0.47,1,426110,High Engagement
SM_100866,YouTube Shorts,text,Text,Education,es,Pakistan,15-08-2024 00:00,#funny #trending #viral,10521090,389670,11894,24336,4.05%,0.81,1,425900,Low Engagement
SM_101648,YouTube Shorts,video,Video,Politics,en,US,22-08-2024 00:00,#music #viral #trending #fyp,3263796,362644,11806,51361,13.05%,0.9,1,425811,High Engagement
SM_100674,YouTube Shorts,carousel,Carousel,Entertainment,fr,Pakistan,06-05-2024 00:00,#funny #news #trending #ai,8380188,364356,16720,44410,5.08%,-0.29,1,425486,High Engagement
SM_101600,X,video,Video,Entertainment,es,Pakistan,10-04-2024 00:00,#news #funny,1913526,318921,32935,73314,22.22%,0.06,0,425170,High Engagement
SM_100708,TikTok,carousel,Carousel,Technology,fr,UK,13-07-2024 00:00,#music #news #ai #tech #trending,4168008,347334,20224,57170,10.19%,-0.35,1,424728,High Engagement
SM_101243,Instagram,text,Text,Politics,ur,India,20-01-2024 00:00,#viral #tech #funny,3032696,379087,6416,39134,14.00%,0.57,1,424637,High Engagement
SM_101258,YouTube Shorts,carousel,Carousel,Technology,hi,UK,21-03-2024 00:00,#trending #music,7748223,368963,12471,42615,5.47%,0.14,1,424049,High Engagement
SM_100384,Instagram,video,Video,Lifestyle,fr,India,06-07-2024 00:00,#funny #fyp #news,3064083,278553,46291,98657,13.82%,-0.08,1,423501,High Engagement
SM_100349,TikTok,video,Video,Politics,fr,Pakistan,25-04-2024 00:00,#news #music #funny #trending #viral,7107150,284286,44418,93624,5.94%,0.82,1,422328,High Engagement
SM_101305,TikTok,text,Text,Sports,ur,US,20-03-2024 00:00,#news #ai #funny,7794200,389710,19942,12633,5.42%,0.19,1,422285,High Engagement
SM_101557,Instagram,carousel,Carousel,Education,hi,UK,13-08-2024 00:00,#tech #viral #funny,5734720,358420,33761,29778,7.36%,-0.1,1,421959,High Engagement
SM_101642,Instagram,text,Text,Politics,hi,Pakistan,18-10-2024 00:00,#fyp #funny #news #music #trending,5644920,282246,39456,99812,7.47%,-0.58,1,421514,High Engagement
SM_100610,Instagram,video,Video,Entertainment,es,Pakistan,24-04-2024 00:00,#viral #trending #music #fyp #funny,2520000,315000,49826,56482,16.72%,0.99,1,421308,High Engagement
SM_100219,YouTube Shorts,text,Text,Technology,en,US,08-02-2024 00:00,#funny #ai #news,1531360,306272,32159,82871,27.51%,-0.93,0,421302,High Engagement
SM_101991,Instagram,video,Video,Education,es,India,15-08-2024 00:00,#music #funny #viral #ai #news,3463490,346349,7091,67854,12.16%,-0.79,1,421294,High Engagement
SM_100367,Instagram,carousel,Carousel,Politics,hi,US,25-02-2024 00:00,#trending #funny #music,3732372,311031,35493,74442,11.28%,-0.98,1,420966,High Engagement
SM_100399,Instagram,carousel,Carousel,Politics,hi,US,05-01-2024 00:00,#tech #trending #viral #news,4401943,338611,5729,76620,9.56%,-0.14,1,420960,High Engagement
SM_100842,TikTok,video,Video,Entertainment,en,UK,09-07-2024 00:00,#tech #ai #trending #funny #news,10209498,392673,20980,7215,4.12%,-0.19,1,420868,Low Engagement
SM_101920,X,carousel,Carousel,Lifestyle,hi,US,01-08-2024 00:00,#tech #viral,2309532,384922,12046,23228,18.19%,0.51,1,420196,High Engagement
SM_101284,YouTube Shorts,video,Video,Education,en,Brazil,05-07-2024 00:00,#fyp #funny #tech,1853065,370613,20923,28380,22.66%,0.67,0,419916,High Engagement
SM_101242,X,text,Text,Technology,hi,US,29-05-2024 00:00,#music #viral,7766902,298727,47650,73374,5.40%,-0.05,1,419751,High Engagement
SM_100438,Instagram,video,Video,Lifestyle,hi,UK,27-08-2024 00:00,#fyp #news,6763829,355991,27122,36379,6.20%,0.07,1,419492,High Engagement
SM_101545,YouTube Shorts,image,Image,Lifestyle,fr,Brazil,24-06-2024 00:00,#trending #viral #music #fyp,7293744,303906,30766,82235,5.72%,0.58,1,416907,High Engagement
SM_100499,Instagram,text,Text,Technology,hi,US,13-01-2024 00:00,#fyp #news #ai #viral,3178549,288959,27610,99854,13.10%,0.47,1,416423,High Engagement
SM_101094,Instagram,video,Video,Politics,hi,Pakistan,22-04-2024 00:00,#trending #viral #ai,6517232,407327,2871,5899,6.38%,-0.79,1,416097,High Engagement
SM_100978,TikTok,video,Video,Lifestyle,ur,UK,21-12-2024 00:00,#tech #trending #music,9741844,347923,2108,65902,4.27%,-0.35,1,415933,Low Engagement
SM_101197,X,carousel,Carousel,Lifestyle,ur,Brazil,20-12-2024 00:00,#ai #news #fyp #tech #music,7598136,361816,40227,13667,5.47%,0.11,1,415710,High Engagement
SM_100740,TikTok,image,Image,Education,en,UK,30-03-2024 00:00,#news #trending #tech #music #fyp,1816640,363328,23787,28455,22.88%,0.1,0,415570,High Engagement
SM_100803,X,text,Text,Entertainment,es,Brazil,05-05-2024 00:00,#music #news #viral #tech #ai,8354755,288095,31284,96064,4.97%,-0.56,1,415443,Low Engagement
SM_101800,Instagram,video,Video,Technology,fr,Brazil,16-01-2024 00:00,#trending #fyp #funny #tech #viral,8753734,397897,11912,5610,4.75%,-0.29,1,415419,Low Engagement
SM_101479,X,video,Video,Lifestyle,hi,India,05-07-2024 00:00,#funny #viral,9354748,359798,9150,46331,4.44%,-0.66,1,415279,Low Engagement
SM_101699,Instagram,carousel,Carousel,Sports,es,US,19-02-2024 00:00,#music #ai #trending,4398480,293232,44448,76449,9.42%,-0.1,1,414129,High Engagement
SM_101373,YouTube Shorts,image,Image,Education,ur,India,20-02-2024 00:00,#fyp #music #viral,3675881,334171,150,79466,11.26%,0.51,1,413787,High Engagement
SM_100561,X,image,Image,Sports,es,Brazil,29-06-2024 00:00,#trending #tech #music #viral #funny,6866182,361378,1656,50289,6.02%,1,1,413323,High Engagement
SM_101263,TikTok,image,Image,Education,en,UK,18-10-2024 00:00,#news #fyp #trending,6862671,298377,16977,97629,6.02%,0.77,1,412983,High Engagement
SM_100387,Instagram,carousel,Carousel,Education,en,US,05-10-2024 00:00,#news #ai #music #viral #fyp,2744496,343062,4708,65129,15.04%,-0.94,1,412899,High Engagement
SM_101038,TikTok,image,Image,Entertainment,es,UK,25-05-2024 00:00,#news #tech #music #ai #fyp,5741393,337729,23968,50819,7.18%,-0.19,1,412516,High Engagement
SM_101359,YouTube Shorts,video,Video,Lifestyle,es,India,07-09-2024 00:00,#fyp #ai #tech #funny,7638687,363747,39541,9131,5.40%,-0.45,1,412419,High Engagement
SM_100543,TikTok,carousel,Carousel,Technology,hi,Brazil,27-09-2024 00:00,#ai #news #tech,4214434,301031,48236,62947,9.78%,0.32,1,412214,High Engagement
SM_100548,TikTok,video,Video,Sports,fr,India,23-07-2024 00:00,#news #music,6770808,282117,40377,89465,6.08%,-0.35,1,411959,High Engagement
SM_101167,TikTok,carousel,Carousel,Lifestyle,fr,Brazil,08-12-2024 00:00,#tech #ai,11426072,408074,249,3179,3.60%,0.65,1,411502,Low Engagement
SM_100156,TikTok,text,Text,Lifestyle,fr,UK,23-04-2024 00:00,#funny #fyp #news #viral #music,6706035,319335,21954,70081,6.13%,0.51,1,411370,High Engagement
SM_100649,YouTube Shorts,image,Image,Technology,hi,Brazil,31-05-2024 00:00,#tech #viral #trending #news,8018328,334097,49683,26650,5.12%,-0.11,1,410430,High Engagement
SM_101030,X,carousel,Carousel,Education,fr,India,29-03-2024 00:00,#tech #fyp #ai,5558541,326973,28383,54354,7.37%,0.48,1,409710,High Engagement
SM_101750,TikTok,video,Video,Lifestyle,es,Pakistan,06-04-2024 00:00,#ai #trending #fyp #tech #music,1678050,335610,14786,59118,24.40%,0.66,0,409514,High Engagement
SM_101087,YouTube Shorts,text,Text,Technology,fr,Pakistan,04-07-2024 00:00,#viral #news,5570080,278504,35445,95083,7.34%,-0.56,1,409032,High Engagement
SM_101591,Instagram,carousel,Carousel,Entertainment,ur,India,14-09-2024 00:00,#ai #tech #viral #fyp #trending,8679384,361641,3885,43455,4.71%,-0.35,1,408981,Low Engagement
SM_101423,YouTube Shorts,video,Video,Education,hi,US,22-05-2024 00:00,#music #tech,9114729,314301,14264,80410,4.49%,0.38,1,408975,Low Engagement
SM_101369,TikTok,carousel,Carousel,Politics,ur,India,22-01-2024 00:00,#viral #tech #news #trending #fyp,11149964,398213,6006,4568,3.67%,0.25,1,408787,Low Engagement
SM_100645,X,image,Image,Lifestyle,hi,Brazil,28-01-2024 00:00,#funny #music #ai,5134192,320887,44905,42947,7.96%,-0.77,1,408739,High Engagement
SM_101353,TikTok,image,Image,Lifestyle,hi,Pakistan,15-04-2024 00:00,#viral #ai #music #fyp,5476104,304228,41510,62700,7.46%,-0.31,1,408438,High Engagement
SM_101091,Instagram,carousel,Carousel,Lifestyle,hi,India,25-07-2024 00:00,#music #funny #news #ai #viral,5651616,332448,20676,55162,7.22%,-0.85,1,408286,High Engagement
SM_101631,X,text,Text,Education,hi,Brazil,03-10-2024 00:00,#trending #music,3362304,280192,38831,89052,12.14%,0.48,1,408075,High Engagement
SM_100052,X,video,Video,Lifestyle,fr,US,17-04-2024 00:00,#news #funny #fyp,7474320,373716,2054,31617,5.45%,0.93,1,407387,High Engagement
SM_101912,Instagram,carousel,Carousel,Sports,fr,US,26-09-2024 00:00,#news #ai #trending,3043566,338174,26877,41709,13.36%,-0.93,1,406760,High Engagement
SM_101929,TikTok,text,Text,Sports,en,Brazil,21-02-2024 00:00,#ai #viral #fyp #tech,7068114,392673,869,12056,5.74%,0.75,1,405598,High Engagement
SM_100732,X,carousel,Carousel,Education,fr,India,11-03-2024 00:00,#ai #viral,9131751,338213,15043,52328,4.44%,-0.03,1,405584,Low Engagement
SM_100065,TikTok,carousel,Carousel,Politics,fr,India,08-10-2024 00:00,#funny #viral #trending #tech #news,3241188,360132,39795,5601,12.51%,-0.54,1,405528,High Engagement
SM_101521,TikTok,video,Video,Education,hi,US,10-03-2024 00:00,#tech #viral #ai #fyp #trending,6127180,306359,43163,55964,6.62%,0.03,1,405486,High Engagement
SM_101064,X,carousel,Carousel,Sports,hi,UK,21-02-2024 00:00,#viral #funny #trending #music,5560620,370708,20711,13683,7.29%,-0.42,1,405102,High Engagement
SM_100486,X,video,Video,Sports,en,India,11-01-2024 00:00,#viral #funny #tech,7039176,293299,37690,73966,5.75%,0.01,1,404955,High Engagement
SM_100228,YouTube Shorts,text,Text,Education,en,Brazil,22-03-2024 00:00,#viral #music #funny,7068399,372021,17373,15329,5.73%,0.45,1,404723,High Engagement
SM_100069,TikTok,image,Image,Lifestyle,hi,India,01-05-2024 00:00,#fyp #ai #viral #tech #trending,2512972,358996,306,45237,16.10%,0.96,1,404539,High Engagement
SM_100145,YouTube Shorts,text,Text,Entertainment,ur,Pakistan,14-12-2024 00:00,#tech #trending,6466518,359251,17313,27533,6.25%,-0.85,1,404097,High Engagement
SM_100711,Instagram,video,Video,Sports,ur,UK,29-06-2024 00:00,#funny #trending #ai,8856625,354265,10243,38976,4.56%,0.2,1,403484,Low Engagement
SM_100503,TikTok,video,Video,Education,fr,US,18-09-2024 00:00,#viral #trending #tech,8039925,321597,24822,56533,5.01%,0.6,1,402952,High Engagement
SM_101128,TikTok,text,Text,Lifestyle,en,Pakistan,22-05-2024 00:00,#trending #news #fyp #tech #funny,2661488,332686,30101,40032,15.14%,-0.35,1,402819,High Engagement
SM_101199,TikTok,video,Video,Lifestyle,en,US,15-11-2024 00:00,#ai #tech #fyp #trending #news,3055420,305542,48333,48925,13.18%,0.63,1,402800,High Engagement
SM_100098,Instagram,carousel,Carousel,Entertainment,fr,US,28-09-2024 00:00,#news #tech #fyp #funny #music,5034722,359623,2854,40159,8.00%,0.25,1,402636,High Engagement
SM_100893,Instagram,text,Text,Sports,fr,India,07-08-2024 00:00,#music #viral #ai #tech #fyp,2502080,312760,29043,60687,16.09%,-0.13,1,402490,High Engagement
SM_100150,X,image,Image,Entertainment,ur,US,16-07-2024 00:00,#news #fyp #music #trending #tech,1673590,334718,21173,46541,24.05%,-0.06,0,402432,High Engagement
SM_101384,YouTube Shorts,carousel,Carousel,Entertainment,fr,Brazil,29-02-2024 00:00,#ai #tech #news #fyp,5208084,289338,46045,66767,7.72%,0.83,1,402150,High Engagement
SM_101451,X,image,Image,Technology,es,Pakistan,11-10-2024 00:00,#ai #music #trending #tech #news,2862980,286298,29714,85644,14.03%,0.06,1,401656,High Engagement
SM_100324,Instagram,image,Image,Technology,ur,Pakistan,17-04-2024 00:00,#ai #viral #music #fyp #funny,3496599,388511,9908,3021,11.48%,0.98,1,401440,High Engagement
SM_101745,TikTok,text,Text,Politics,hi,US,01-01-2024 00:00,#tech #news,6482720,324136,20544,56631,6.19%,-0.1,1,401311,High Engagement
SM_100429,YouTube Shorts,text,Text,Technology,es,UK,26-02-2024 00:00,#tech #music #ai #trending,2014467,287781,35762,77577,19.91%,0.09,1,401120,High Engagement
SM_100551,Instagram,image,Image,Entertainment,en,Brazil,18-07-2024 00:00,#music #fyp,3378771,375419,1018,23706,11.84%,0.33,1,400143,High Engagement
SM_101097,X,image,Image,Lifestyle,fr,US,28-03-2024 00:00,#viral #news,5579559,293661,22489,83640,7.17%,-0.71,1,399790,High Engagement
SM_101938,X,image,Image,Sports,fr,Brazil,17-08-2024 00:00,#trending #fyp #news #ai #music,8170632,340443,25323,33735,4.89%,-0.55,1,399501,Low Engagement
SM_101883,TikTok,video,Video,Entertainment,es,Brazil,26-01-2024 00:00,#news #funny #trending #tech #viral,4048748,368068,26000,5410,9.87%,-0.82,1,399478,High Engagement
SM_101041,Instagram,text,Text,Entertainment,hi,Brazil,31-10-2024 00:00,#music #viral #ai #funny #news,5802783,276323,49855,72780,6.88%,0.46,1,398958,High Engagement
SM_101344,X,video,Video,Entertainment,es,Pakistan,22-09-2024 00:00,#music #fyp #ai #funny #trending,3951528,282252,46207,70475,10.10%,0.1,1,398934,High Engagement
SM_100303,TikTok,image,Image,Entertainment,ur,Pakistan,13-04-2024 00:00,#viral #news #ai #tech #funny,5610377,295283,19900,83692,7.11%,-0.2,1,398875,High Engagement
SM_101268,YouTube Shorts,image,Image,Education,en,Pakistan,09-06-2024 00:00,#viral #funny #tech #news,3871728,276552,26032,96257,10.30%,0.89,1,398841,High Engagement
SM_101339,TikTok,carousel,Carousel,Lifestyle,en,UK,04-02-2024 00:00,#music #viral #news,4242756,353563,40162,4923,9.40%,0.74,1,398648,High Engagement
SM_101040,YouTube Shorts,video,Video,Lifestyle,fr,Pakistan,10-07-2024 00:00,#viral #news #tech #trending #ai,2278759,325537,47293,25806,17.49%,0.88,1,398636,High Engagement
SM_100262,Instagram,image,Image,Technology,es,India,14-12-2024 00:00,#news #trending,10464720,373740,7088,17772,3.81%,-0.77,1,398600,Low Engagement
SM_100059,YouTube Shorts,video,Video,Politics,hi,UK,19-02-2024 00:00,#funny #trending,1286430,257286,46765,94180,30.96%,-0.96,0,398231,High Engagement
SM_100849,X,video,Video,Politics,es,US,18-03-2024 00:00,#music #ai #fyp,1637832,272972,29571,95320,24.29%,0.39,0,397863,High Engagement
SM_101734,Instagram,image,Image,Politics,hi,India,16-04-2024 00:00,#viral #ai #news #fyp #funny,9858579,339951,24116,33689,4.03%,0.93,1,397756,Low Engagement
SM_101616,TikTok,image,Image,Education,en,India,10-01-2024 00:00,#news #tech #fyp,2240235,248915,49543,99274,17.75%,-0.29,1,397732,High Engagement
SM_101084,TikTok,video,Video,Entertainment,fr,UK,12-08-2024 00:00,#news #music #fyp,6451992,268833,34817,93665,6.16%,-0.42,1,397315,High Engagement
SM_100233,Instagram,carousel,Carousel,Politics,fr,Brazil,22-11-2024 00:00,#ai #viral,6098994,338833,22121,36245,6.51%,-0.63,1,397199,High Engagement
SM_101526,TikTok,video,Video,Politics,es,Brazil,17-12-2024 00:00,#news #trending #fyp #music,4856969,373613,19428,4138,8.18%,-0.64,1,397179,High Engagement
SM_101477,YouTube Shorts,text,Text,Technology,hi,US,19-08-2024 00:00,#trending #news #funny #tech,4722957,277821,19624,99247,8.40%,0.4,1,396692,High Engagement
SM_100936,TikTok,text,Text,Lifestyle,hi,Pakistan,09-11-2024 00:00,#funny #ai #trending,1625304,270884,34721,91058,24.41%,-0.18,0,396663,High Engagement
SM_100430,TikTok,video,Video,Education,ur,Pakistan,06-07-2024 00:00,#viral #fyp #music,6717875,268715,35636,92060,5.90%,0.63,1,396411,High Engagement
SM_101666,YouTube Shorts,carousel,Carousel,Education,fr,UK,20-10-2024 00:00,#fyp #ai #tech #viral #music,4222088,324776,13105,57706,9.37%,0.25,1,395587,High Engagement
SM_100637,YouTube Shorts,video,Video,Politics,en,US,26-04-2024 00:00,#news #tech #ai #music,8521350,340854,4498,50086,4.64%,0.08,1,395438,Low Engagement
SM_100409,YouTube Shorts,video,Video,Education,hi,India,19-11-2024 00:00,#funny #ai,6145664,323456,15403,56504,6.43%,0.04,1,395363,High Engagement
SM_100987,X,image,Image,Entertainment,en,US,08-04-2024 00:00,#music #tech,4911750,327450,30931,36608,8.04%,-0.99,1,394989,High Engagement
SM_100391,YouTube Shorts,image,Image,Education,fr,UK,09-11-2024 00:00,#tech #trending #news #music #fyp,2776976,347122,27495,19976,14.21%,0.82,1,394593,High Engagement
SM_101531,Instagram,image,Image,Technology,en,India,02-07-2024 00:00,#music #ai #funny,3780492,315041,35299,43828,10.43%,-0.14,1,394168,High Engagement
SM_100374,Instagram,video,Video,Entertainment,ur,UK,23-10-2024 00:00,#tech #funny #news #viral #ai,8747016,364459,26294,3390,4.51%,-0.32,1,394143,Low Engagement
SM_100765,Instagram,text,Text,Politics,ur,US,11-02-2024 00:00,#tech #trending,3436670,343667,29325,20809,11.46%,-0.06,1,393801,High Engagement
SM_101113,TikTok,video,Video,Lifestyle,es,US,02-06-2024 00:00,#tech #trending,3401673,309243,22913,61585,11.57%,-0.49,1,393741,High Engagement
SM_101448,Instagram,video,Video,Lifestyle,ur,UK,30-09-2024 00:00,#ai #viral,2983760,298376,36115,58755,13.18%,-0.58,1,393246,High Engagement
SM_101185,YouTube Shorts,video,Video,Sports,en,India,08-04-2024 00:00,#music #fyp,8248800,329952,45931,16664,4.76%,-0.86,1,392547,Low Engagement
SM_101413,TikTok,carousel,Carousel,Politics,es,Brazil,30-10-2024 00:00,#viral #news,1722535,344507,32172,15480,22.77%,-0.82,0,392159,High Engagement
SM_100549,X,carousel,Carousel,Sports,hi,UK,09-12-2024 00:00,#viral #news #trending #funny,3623260,362326,24291,5111,10.81%,0.75,1,391728,High Engagement
SM_101220,Instagram,video,Video,Politics,es,UK,13-10-2024 00:00,#trending #news #fyp,3962055,264137,30578,96908,9.88%,0.88,1,391623,High Engagement
SM_100342,X,video,Video,Lifestyle,en,India,07-12-2024 00:00,#viral #tech #fyp,6272527,330133,23826,37568,6.24%,0.94,1,391527,High Engagement
SM_101966,TikTok,carousel,Carousel,Politics,en,US,17-05-2024 00:00,#music #trending #news,6478056,359892,28518,2957,6.04%,-0.78,1,391367,High Engagement
SM_101216,YouTube Shorts,text,Text,Lifestyle,hi,Pakistan,25-07-2024 00:00,#viral #trending,5980944,249206,42436,99246,6.54%,-0.38,1,390888,High Engagement
SM_101301,YouTube Shorts,video,Video,Entertainment,hi,Brazil,22-10-2024 00:00,#news #ai #funny,4438056,369838,18066,2882,8.81%,-0.74,1,390786,High Engagement
SM_100045,X,video,Video,Education,en,UK,17-01-2024 00:00,#news #music #ai,4457271,342867,22676,25185,8.77%,-0.36,1,390728,High Engagement
SM_100785,TikTok,image,Image,Sports,ur,UK,17-05-2024 00:00,#news #funny #fyp #music #tech,3311035,254695,45676,90307,11.80%,0.88,1,390678,High Engagement
SM_101997,X,carousel,Carousel,Education,ur,UK,01-05-2024 00:00,#trending #fyp,2031920,253990,40963,95697,19.23%,0.6,1,390650,High Engagement
SM_100003,X,text,Text,Politics,ur,US,04-08-2024 00:00,#ai #funny,5271440,329465,774,59736,7.40%,0.88,1,389975,High Engagement
SM_101908,TikTok,video,Video,Entertainment,es,Pakistan,07-09-2024 00:00,#news #music #tech,3339444,278287,45537,65937,11.67%,0.07,1,389761,High Engagement
SM_101100,Instagram,text,Text,Lifestyle,fr,Pakistan,06-12-2024 00:00,#news #funny #ai #trending,6357723,334617,34222,20885,6.13%,0.64,1,389724,High Engagement
SM_101794,TikTok,carousel,Carousel,Technology,ur,US,23-02-2024 00:00,#news #music #viral #funny #ai,6357626,288983,47713,53020,6.13%,-0.37,1,389716,High Engagement
SM_100550,Instagram,image,Image,Technology,hi,India,01-08-2024 00:00,#viral #fyp #funny #news #music,2758888,344861,34952,9597,14.11%,0.44,1,389410,High Engagement
SM_101238,X,image,Image,Education,hi,Pakistan,01-07-2024 00:00,#ai #tech #news #trending,4881438,271191,46719,71467,7.98%,-0.7,1,389377,High Engagement
SM_101367,TikTok,carousel,Carousel,Sports,es,UK,09-08-2024 00:00,#music #news #tech #ai #fyp,1654665,330933,23839,34475,23.52%,0.44,0,389247,High Engagement
SM_100197,X,text,Text,Technology,en,India,20-12-2024 00:00,#ai #tech #fyp #music #trending,9112480,350480,32048,6470,4.27%,0.42,1,388998,Low Engagement
SM_100534,TikTok,video,Video,Entertainment,es,India,24-04-2024 00:00,#ai #funny #tech #fyp #news,5172150,344810,29339,14572,7.52%,-0.36,1,388721,High Engagement
SM_101792,Instagram,image,Image,Entertainment,ur,UK,19-05-2024 00:00,#trending #viral,3998544,333212,1391,53916,9.72%,0.41,1,388519,High Engagement
SM_101824,TikTok,carousel,Carousel,Politics,fr,US,10-02-2024 00:00,#fyp #music #tech,7697445,366545,10977,10684,5.04%,0.45,1,388206,High Engagement
SM_100302,YouTube Shorts,image,Image,Technology,hi,Pakistan,07-06-2024 00:00,#ai #fyp #music #news #funny,7683200,307328,29634,51185,5.05%,-0.04,1,388147,High Engagement
SM_101694,Instagram,video,Video,Entertainment,en,UK,12-10-2024 00:00,#music #trending #ai,5958610,259070,40932,88091,6.51%,0.04,1,388093,High Engagement
SM_101780,Instagram,video,Video,Education,hi,India,13-09-2024 00:00,#ai #trending #music #tech #fyp,7508550,300342,4660,83030,5.17%,-0.69,1,388032,High Engagement
SM_101324,YouTube Shorts,carousel,Carousel,Technology,hi,US,25-04-2024 00:00,#music #viral #news,6039747,287607,2800,97463,6.42%,-0.64,1,387870,High Engagement
SM_100209,TikTok,carousel,Carousel,Entertainment,ur,UK,26-12-2024 00:00,#music #fyp,3159945,351105,21209,15525,12.27%,-0.53,1,387839,High Engagement
SM_101566,TikTok,carousel,Carousel,Education,fr,UK,29-11-2024 00:00,#fyp #trending,5683408,355213,25962,6524,6.82%,0.03,1,387699,High Engagement
SM_100988,YouTube Shorts,carousel,Carousel,Lifestyle,ur,India,17-01-2024 00:00,#funny #music,6364150,254566,46292,86725,6.09%,-0.2,1,387583,High Engagement
SM_100087,Instagram,image,Image,Entertainment,en,UK,24-03-2024 00:00,#tech #music #ai,9314838,344994,14103,28252,4.16%,-0.5,1,387349,Low Engagement
SM_100651,Instagram,carousel,Carousel,Technology,fr,UK,07-01-2024 00:00,#viral #ai #music #news,3742706,340246,28808,18231,10.35%,-0.74,1,387285,High Engagement
SM_101236,Instagram,image,Image,Lifestyle,hi,Pakistan,02-06-2024 00:00,#viral #tech #trending #fyp,6878938,312679,10315,63966,5.63%,0.74,1,386960,High Engagement
SM_100467,Instagram,text,Text,Politics,hi,US,10-12-2024 00:00,#viral #ai #fyp,7611079,262451,35438,88734,5.08%,0.64,1,386623,High Engagement
SM_101093,YouTube Shorts,text,Text,Entertainment,ur,UK,08-05-2024 00:00,#funny #ai #music #viral #trending,6784800,339240,16973,30267,5.70%,0.57,1,386480,High Engagement
SM_101027,Instagram,image,Image,Education,ur,India,05-10-2024 00:00,#news #music #funny #ai #trending,4287128,252184,41190,92950,9.01%,-0.31,1,386324,High Engagement
SM_101467,TikTok,video,Video,Education,hi,Pakistan,20-04-2024 00:00,#tech #music #news,8235855,283995,16458,85845,4.69%,-0.53,1,386298,Low Engagement
SM_100770,X,carousel,Carousel,Entertainment,es,Pakistan,03-03-2024 00:00,#viral #funny #fyp,4748700,316580,8552,60949,8.13%,-0.26,1,386081,High Engagement
SM_100407,X,image,Image,Education,fr,Pakistan,06-05-2024 00:00,#tech #ai #news #trending #viral,4569908,326422,34002,25612,8.45%,-0.21,1,386036,High Engagement
SM_101403,X,carousel,Carousel,Sports,es,UK,20-05-2024 00:00,#funny #news #tech,7448928,310372,20033,55566,5.18%,0.27,1,385971,High Engagement
SM_100379,YouTube Shorts,image,Image,Lifestyle,hi,US,10-08-2024 00:00,#music #funny #ai #tech,7852016,341392,17655,26746,4.91%,0.95,1,385793,Low Engagement
SM_101387,YouTube Shorts,video,Video,Education,es,UK,08-05-2024 00:00,#trending #music #ai #funny,1615680,323136,35530,26533,23.84%,0.91,0,385199,High Engagement
SM_100862,YouTube Shorts,image,Image,Lifestyle,ur,Brazil,04-02-2024 00:00,#news #ai #trending #viral #funny,7581605,329635,40898,13795,5.07%,-0.21,1,384328,High Engagement
SM_101375,X,image,Image,Lifestyle,fr,Pakistan,19-07-2024 00:00,#tech #news #viral,5943420,330190,1825,52117,6.46%,0.72,1,384132,High Engagement
SM_101341,TikTok,video,Video,Technology,ur,Pakistan,19-03-2024 00:00,#tech #viral #fyp #news #music,4374192,364516,2721,16575,8.77%,0.36,1,383812,High Engagement
SM_100588,X,text,Text,Politics,fr,India,12-01-2024 00:00,#trending #ai #news,7298668,280718,46765,55719,5.25%,0.1,1,383202,High Engagement
SM_101336,X,video,Video,Education,ur,Pakistan,07-10-2024 00:00,#tech #music,8888208,317436,1467,64174,4.31%,-0.54,1,383077,Low Engagement
SM_100798,TikTok,carousel,Carousel,Education,fr,India,01-05-2024 00:00,#trending #funny #viral #music,5575174,253417,44610,84566,6.86%,0.09,1,382593,High Engagement
SM_101813,X,video,Video,Lifestyle,ur,India,30-07-2024 00:00,#music #trending #fyp #tech,4470662,319333,46433,16609,8.55%,0.18,1,382375,High Engagement
SM_101942,Instagram,image,Image,Entertainment,ur,Pakistan,28-08-2024 00:00,#tech #news #ai,4485481,345037,16687,19623,8.50%,-0.69,1,381347,High Engagement
SM_101644,YouTube Shorts,text,Text,Education,en,Brazil,16-07-2024 00:00,#music #trending #viral,4936110,329074,15101,36834,7.72%,0.67,1,381009,High Engagement
SM_100240,YouTube Shorts,carousel,Carousel,Entertainment,ur,Pakistan,31-05-2024 00:00,#ai #fyp #news #music #tech,8244250,329770,5304,45766,4.62%,0.83,1,380840,Low Engagement
SM_101643,X,carousel,Carousel,Politics,ur,UK,05-02-2024 00:00,#news #viral #trending,6487052,249502,34773,96499,5.87%,0.79,1,380774,High Engagement
SM_100327,YouTube Shorts,image,Image,Lifestyle,fr,India,06-09-2024 00:00,#viral #fyp #music #ai,5978160,259920,34085,86232,6.36%,0.74,1,380237,High Engagement
SM_100906,TikTok,video,Video,Sports,fr,US,09-10-2024 00:00,#viral #tech #music,8722700,348908,18262,12856,4.36%,-0.18,1,380026,Low Engagement
SM_100870,YouTube Shorts,text,Text,Technology,ur,Brazil,20-12-2024 00:00,#funny #viral #tech #trending #news,5788882,263131,31807,85025,6.56%,-0.13,1,379963,High Engagement
SM_100078,TikTok,carousel,Carousel,Politics,en,Pakistan,15-03-2024 00:00,#music #funny,4840182,268899,40946,70032,7.85%,0.78,1,379877,High Engagement
SM_101281,Instagram,carousel,Carousel,Lifestyle,en,Pakistan,29-03-2024 00:00,#trending #music #funny #fyp,5407920,300440,39454,39662,7.02%,0.66,1,379556,High Engagement
SM_101902,Instagram,video,Video,Politics,ur,UK,23-10-2024 00:00,#tech #trending #news #viral,3695172,307931,34136,37277,10.27%,0.14,1,379344,High Engagement
SM_101356,YouTube Shorts,video,Video,Politics,es,Pakistan,18-07-2024 00:00,#ai #viral #tech #trending #music,1895298,315883,48479,14646,20.00%,-0.85,0,379008,High Engagement
SM_100318,YouTube Shorts,video,Video,Education,hi,Pakistan,08-03-2024 00:00,#music #viral #funny #tech #news,7816399,269531,33665,75759,4.85%,0.19,1,378955,Low Engagement
SM_100060,X,image,Image,Technology,ur,India,10-09-2024 00:00,#news #funny #tech #ai,9902368,353656,21300,3988,3.83%,0.3,1,378944,Low Engagement
SM_101686,Instagram,carousel,Carousel,Politics,ur,UK,30-03-2024 00:00,#fyp #viral #tech,8668622,298918,37265,42499,4.37%,0.63,1,378682,Low Engagement
SM_101245,YouTube Shorts,carousel,Carousel,Lifestyle,hi,UK,26-10-2024 00:00,#trending #viral #tech #fyp #ai,5743501,337853,35419,5210,6.59%,-0.21,1,378482,High Engagement
SM_101917,Instagram,video,Video,Entertainment,hi,UK,22-09-2024 00:00,#news #funny #trending #music,3956862,282633,31503,63756,9.55%,0.49,1,377892,High Engagement
SM_100747,YouTube Shorts,carousel,Carousel,Politics,ur,India,20-09-2024 00:00,#tech #trending #funny #viral,2022042,337007,28283,12238,18.67%,-0.73,1,377528,High Engagement
SM_100506,YouTube Shorts,image,Image,Education,es,India,27-10-2024 00:00,#music #news #viral,2066640,258330,29305,89882,18.27%,0.73,1,377517,High Engagement
SM_100979,TikTok,carousel,Carousel,Entertainment,ur,Pakistan,07-10-2024 00:00,#trending #fyp #viral #tech,5988352,352256,12747,12392,6.30%,0.65,1,377395,High Engagement
SM_101035,TikTok,video,Video,Lifestyle,es,India,07-08-2024 00:00,#funny #trending #fyp #news,8899878,342303,1886,33038,4.24%,-0.54,1,377227,Low Engagement
SM_101222,Instagram,video,Video,Technology,ur,US,18-08-2024 00:00,#viral #funny #trending #fyp,9279072,319968,20602,36406,4.06%,0.93,1,376976,Low Engagement
SM_101125,TikTok,image,Image,Entertainment,en,Pakistan,06-01-2024 00:00,#funny #trending #tech,3715712,265408,27547,83974,10.14%,0.69,1,376929,High Engagement
SM_100563,YouTube Shorts,text,Text,Sports,fr,India,11-05-2024 00:00,#trending #fyp #music,5629605,296295,49816,30448,6.69%,-0.76,1,376559,High Engagement
SM_100660,YouTube Shorts,carousel,Carousel,Politics,ur,India,25-10-2024 00:00,#music #tech,7699224,320801,17548,37419,4.88%,-0.78,1,375768,Low Engagement
SM_101940,Instagram,video,Video,Politics,hi,US,01-12-2024 00:00,#ai #music #fyp #funny,2592184,324023,38457,13267,14.50%,-0.55,1,375747,High Engagement
SM_100105,TikTok,video,Video,Entertainment,fr,UK,13-12-2024 00:00,#fyp #funny,6109191,265617,12166,97533,6.14%,0.24,1,375316,High Engagement
SM_100359,TikTok,carousel,Carousel,Education,fr,Brazil,14-07-2024 00:00,#ai #viral,7857724,270956,38570,65456,4.77%,-0.68,1,374982,Low Engagement
SM_100053,TikTok,image,Image,Sports,hi,Brazil,03-07-2024 00:00,#trending #viral,7645752,283176,29860,61435,4.90%,-0.32,1,374471,Low Engagement
SM_101283,TikTok,image,Image,Technology,ur,Pakistan,12-05-2024 00:00,#ai #trending #fyp #tech #funny,8571864,306138,6874,61079,4.36%,0.6,1,374091,Low Engagement
SM_101045,X,image,Image,Education,ur,Brazil,21-10-2024 00:00,#trending #tech #music,5735562,273122,2990,97906,6.52%,0.26,1,374018,High Engagement
SM_101509,YouTube Shorts,video,Video,Lifestyle,hi,Brazil,29-04-2024 00:00,#funny #viral,5909841,281421,23723,68448,6.32%,-0.2,1,373592,High Engagement
SM_101133,TikTok,text,Text,Sports,en,Pakistan,02-11-2024 00:00,#ai #news #funny #fyp,3199092,246084,47221,80123,11.67%,-0.6,1,373428,High Engagement
SM_100023,TikTok,image,Image,Education,fr,UK,27-02-2024 00:00,#tech #news #music,8806000,314500,23604,35223,4.24%,0.33,1,373327,Low Engagement
SM_100891,Instagram,image,Image,Sports,en,Pakistan,10-02-2024 00:00,#tech #trending #viral #ai,6157725,293225,8372,70822,6.05%,0,1,372419,High Engagement
SM_101950,Instagram,image,Image,Technology,ur,US,01-06-2024 00:00,#trending #ai #viral #funny,8155380,281220,34263,56867,4.57%,0.71,1,372350,Low Engagement
SM_101325,TikTok,image,Image,Politics,fr,India,20-02-2024 00:00,#trending #funny #music,3714592,265328,30334,76647,10.02%,0.45,1,372309,High Engagement
SM_100962,YouTube Shorts,text,Text,Entertainment,es,Brazil,28-08-2024 00:00,#music #ai #funny #news,2236944,279618,11143,81472,16.64%,0.71,1,372233,High Engagement
SM_100007,X,text,Text,Technology,es,Pakistan,26-07-2024 00:00,#trending #tech #news,2961423,329047,31556,11395,12.56%,0.22,1,371998,High Engagement
SM_101785,TikTok,text,Text,Lifestyle,en,Brazil,10-06-2024 00:00,#fyp #ai,4885088,305318,37264,29284,7.61%,-0.61,1,371866,High Engagement
SM_100836,X,carousel,Carousel,Technology,en,India,29-08-2024 00:00,#tech #funny #viral,2660760,266076,25280,80438,13.97%,-0.89,1,371794,High Engagement
SM_101542,YouTube Shorts,image,Image,Technology,es,Brazil,20-04-2024 00:00,#tech #viral,6781401,251163,24507,95600,5.47%,-0.21,1,371270,High Engagement
SM_101574,YouTube Shorts,image,Image,Education,en,Pakistan,06-08-2024 00:00,#funny #news,2698112,337264,5500,28482,13.76%,-0.82,1,371246,High Engagement
SM_100424,Instagram,text,Text,Sports,es,US,23-04-2024 00:00,#viral #music #tech #funny #ai,9515948,365998,3717,1368,3.90%,0.3,1,371083,Low Engagement
SM_101922,YouTube Shorts,carousel,Carousel,Technology,fr,Pakistan,26-09-2024 00:00,#fyp #ai #viral,4585532,327538,13937,29300,8.09%,-0.62,1,370775,High Engagement
SM_101909,Instagram,video,Video,Entertainment,es,India,05-04-2024 00:00,#news #music #trending #ai,5163300,344220,24411,1876,7.18%,0.04,1,370507,High Engagement
SM_100833,TikTok,video,Video,Technology,en,Brazil,08-08-2024 00:00,#news #funny,1911133,273019,12270,84996,19.38%,0.03,0,370285,High Engagement
SM_100096,YouTube Shorts,carousel,Carousel,Lifestyle,en,UK,05-07-2024 00:00,#fyp #music #funny,1919464,239933,35252,94759,19.27%,-0.65,0,369944,High Engagement
SM_100361,Instagram,image,Image,Sports,ur,Brazil,16-01-2024 00:00,#music #funny,5343366,254446,29764,85709,6.92%,-0.98,1,369919,High Engagement
SM_100822,X,text,Text,Politics,fr,Pakistan,04-04-2024 00:00,#news #viral #trending #music,5117448,243688,34686,91329,7.22%,-0.7,1,369703,High Engagement
SM_101476,YouTube Shorts,carousel,Carousel,Entertainment,es,Brazil,12-12-2024 00:00,#viral #funny #ai,4307430,287162,41400,41137,8.58%,0.74,1,369699,High Engagement
SM_101848,YouTube Shorts,text,Text,Sports,hi,Pakistan,24-11-2024 00:00,#trending #tech,5078140,253907,27890,87422,7.27%,-0.11,1,369219,High Engagement
SM_100820,Instagram,carousel,Carousel,Sports,en,UK,04-04-2024 00:00,#tech #funny,5591045,328885,15422,24730,6.60%,0.95,1,369037,High Engagement
SM_100108,Instagram,image,Image,Politics,ur,India,03-05-2024 00:00,#ai #news #tech,7065050,282602,3272,82746,5.22%,-0.3,1,368620,High Engagement
SM_100322,Instagram,video,Video,Sports,hi,Brazil,13-12-2024 00:00,#tech #trending #fyp,6213304,327016,15590,25560,5.93%,-0.99,1,368166,High Engagement
SM_101173,YouTube Shorts,text,Text,Politics,hi,Brazil,17-02-2024 00:00,#ai #funny #fyp,4233236,302374,16400,49347,8.70%,0.78,1,368121,High Engagement
SM_101303,X,carousel,Carousel,Politics,hi,US,08-06-2024 00:00,#tech #music,5465415,321495,7041,39256,6.73%,-0.49,1,367792,High Engagement
SM_101376,TikTok,carousel,Carousel,Sports,hi,Brazil,09-09-2024 00:00,#viral #tech,7478174,325138,34640,7466,4.91%,-0.76,1,367244,Low Engagement
SM_101554,TikTok,text,Text,Education,hi,Brazil,21-05-2024 00:00,#viral #tech #ai #funny,6548094,311814,36165,19157,5.61%,0.5,1,367136,High Engagement
SM_100641,Instagram,text,Text,Education,fr,US,23-07-2024 00:00,#news #music #ai #funny,4869054,270503,14854,81769,7.54%,-0.32,1,367126,High Engagement
SM_100585,TikTok,video,Video,Technology,fr,Pakistan,16-08-2024 00:00,#trending #music #viral,8819500,352780,6309,7346,4.15%,-0.55,1,366435,Low Engagement
SM_100675,X,image,Image,Technology,fr,UK,15-02-2024 00:00,#trending #fyp,4206722,323594,5894,36637,8.70%,0.29,1,366125,High Engagement
SM_101101,Instagram,carousel,Carousel,Technology,fr,UK,26-09-2024 00:00,#fyp #ai #tech #trending,4766900,238345,43623,83949,7.68%,-0.28,1,365917,High Engagement
SM_100584,TikTok,carousel,Carousel,Technology,fr,Brazil,20-07-2024 00:00,#trending #music #ai,4489056,280566,22365,62293,8.14%,-0.3,1,365224,High Engagement
SM_101640,TikTok,text,Text,Education,es,Pakistan,27-05-2024 00:00,#music #viral #trending #fyp,7458780,266385,23355,75083,4.89%,-0.53,1,364823,Low Engagement
SM_101829,Instagram,carousel,Carousel,Politics,fr,India,10-08-2024 00:00,#funny #trending #viral #music #ai,6623240,254740,30941,78859,5.50%,-0.47,1,364540,High Engagement
SM_100479,Instagram,text,Text,Technology,fr,UK,16-06-2024 00:00,#trending #viral #fyp #ai,3270162,233583,31987,98865,11.14%,0.08,1,364435,High Engagement
SM_100616,TikTok,text,Text,Entertainment,fr,UK,10-03-2024 00:00,#tech #trending #viral #news #funny,4936784,308549,46042,9347,7.37%,-0.33,1,363938,High Engagement
SM_101587,X,text,Text,Politics,fr,UK,23-08-2024 00:00,#ai #tech #trending,4441692,261276,3412,98944,8.19%,-1,1,363632,High Engagement
SM_100311,X,image,Image,Sports,ur,Brazil,04-11-2024 00:00,#ai #music #trending,3438072,286506,14904,62212,10.58%,0.89,1,363622,High Engagement
SM_100056,TikTok,image,Image,Entertainment,ur,Brazil,07-01-2024 00:00,#trending #ai #fyp,6426792,267783,42410,53352,5.66%,0.16,1,363545,High Engagement
SM_100400,YouTube Shorts,text,Text,Sports,hi,Pakistan,25-11-2024 00:00,#trending #viral #ai #news,3921776,245111,38668,79531,9.26%,0.41,1,363310,High Engagement
SM_101395,X,image,Image,Education,es,India,19-05-2024 00:00,#fyp #trending,7959224,306124,48472,8321,4.56%,-0.76,1,362917,Low Engagement
SM_101520,YouTube Shorts,carousel,Carousel,Education,es,Brazil,19-06-2024 00:00,#music #ai #fyp,7407990,274370,23600,64927,4.90%,-0.68,1,362897,Low Engagement
SM_100200,Instagram,text,Text,Entertainment,hi,Pakistan,29-10-2024 00:00,#funny #news #viral #music,1414310,282862,32259,47363,25.63%,-0.26,0,362484,High Engagement
SM_101793,Instagram,carousel,Carousel,Education,hi,UK,13-07-2024 00:00,#trending #news #fyp,6762340,260090,42969,59275,5.36%,-0.48,1,362334,High Engagement
SM_100867,TikTok,carousel,Carousel,Technology,en,Brazil,10-02-2024 00:00,#fyp #music #ai #funny #tech,1542665,308533,37332,16200,23.47%,0.1,0,362065,High Engagement
SM_101567,X,video,Video,Sports,en,UK,31-05-2024 00:00,#fyp #viral #tech #trending #music,4694608,293413,45646,22991,7.71%,0.97,1,362050,High Engagement
SM_101978,Instagram,carousel,Carousel,Education,es,US,05-11-2024 00:00,#news #funny #tech #music,3446729,265133,9574,87194,10.50%,-0.34,1,361901,High Engagement
SM_100916,Instagram,text,Text,Politics,es,Pakistan,22-03-2024 00:00,#music #fyp,4014704,250919,12361,98500,9.01%,-0.5,1,361780,High Engagement
SM_100507,X,text,Text,Technology,en,India,23-10-2024 00:00,#news #viral,3596772,299731,28416,33362,10.05%,0.62,1,361509,High Engagement
SM_101916,YouTube Shorts,video,Video,Education,fr,US,11-07-2024 00:00,#viral #ai #funny,2779424,347428,5440,8494,13.00%,-0.43,1,361362,High Engagement
SM_100746,Instagram,text,Text,Lifestyle,hi,Brazil,03-10-2024 00:00,#tech #ai #music #trending,6556059,242817,18696,99533,5.51%,0.44,1,361046,High Engagement
SM_101164,YouTube Shorts,carousel,Carousel,Politics,hi,UK,24-09-2024 00:00,#fyp #news #funny #ai #music,7825290,340230,10685,10069,4.61%,0.97,1,360984,Low Engagement
SM_101660,X,image,Image,Entertainment,fr,Brazil,19-11-2024 00:00,#news #trending #funny,5724954,318053,22264,20656,6.31%,-0.07,1,360973,High Engagement
SM_101294,YouTube Shorts,image,Image,Education,ur,India,17-03-2024 00:00,#fyp #music #ai,3184836,265403,32631,62767,11.33%,-0.49,1,360801,High Engagement
SM_101735,TikTok,image,Image,Technology,en,Brazil,12-08-2024 00:00,#tech #music,1415706,235951,28258,96517,25.48%,0.25,0,360726,High Engagement
SM_100852,X,video,Video,Technology,es,US,18-07-2024 00:00,#trending #funny,3578822,275294,685,84445,10.07%,-0.31,1,360424,High Engagement
SM_100814,Instagram,carousel,Carousel,Politics,en,India,12-01-2024 00:00,#funny #fyp #news #trending #music,3976640,233920,40391,85868,9.06%,-1,1,360179,High Engagement
SM_100773,X,video,Video,Politics,fr,US,19-08-2024 00:00,#tech #music #fyp #funny,5889303,280443,36614,42966,6.11%,-0.75,1,360023,High Engagement
SM_100012,YouTube Shorts,image,Image,Technology,fr,Brazil,01-01-2024 00:00,#ai #fyp #viral #trending #tech,7324226,281701,1026,77190,4.91%,0.09,1,359917,Low Engagement
SM_100607,X,carousel,Carousel,Technology,en,US,04-02-2024 00:00,#tech #fyp #viral #music,4434360,295624,46976,17072,8.11%,-0.37,1,359672,High Engagement
SM_100869,TikTok,text,Text,Lifestyle,hi,Pakistan,04-12-2024 00:00,#music #viral,5925672,329204,19557,10809,6.07%,0.21,1,359570,High Engagement
SM_101253,X,image,Image,Entertainment,ur,Pakistan,10-08-2024 00:00,#tech #trending,1149485,229897,38313,91322,31.28%,0.67,0,359532,High Engagement
SM_101826,TikTok,image,Image,Politics,en,US,08-06-2024 00:00,#trending #fyp #news #tech #ai,4453643,261979,20599,76921,8.07%,0.09,1,359499,High Engagement
SM_100995,X,carousel,Carousel,Education,hi,Pakistan,08-06-2024 00:00,#ai #funny #viral,7621952,293152,19615,46647,4.72%,-0.25,1,359414,Low Engagement
SM_101255,Instagram,carousel,Carousel,Politics,fr,UK,11-03-2024 00:00,#trending #fyp,8122436,290087,29798,39517,4.42%,0.11,1,359402,Low Engagement
SM_101443,X,image,Image,Education,en,India,26-03-2024 00:00,#funny #trending,4906096,306631,49434,3090,7.32%,0.68,1,359155,High Engagement
SM_100222,X,carousel,Carousel,Technology,es,Brazil,07-09-2024 00:00,#music #ai #trending,2725875,302875,36001,20104,13.17%,-0.03,1,358980,High Engagement
SM_100612,TikTok,carousel,Carousel,Lifestyle,en,UK,07-05-2024 00:00,#fyp #funny #news #trending,1440408,240068,26824,92052,24.92%,-0.58,0,358944,High Engagement
SM_101279,Instagram,text,Text,Entertainment,ur,India,13-05-2024 00:00,#viral #ai #news #funny,4110592,256912,32118,69807,8.73%,-0.86,1,358837,High Engagement
SM_101951,Instagram,text,Text,Education,fr,UK,21-11-2024 00:00,#tech #funny #music #fyp,7333925,293357,49989,15402,4.89%,-0.13,1,358748,Low Engagement
SM_101348,X,carousel,Carousel,Politics,hi,Pakistan,24-02-2024 00:00,#tech #viral #news #trending #music,6224463,296403,11521,50493,5.76%,-0.39,1,358417,High Engagement
SM_100220,YouTube Shorts,carousel,Carousel,Entertainment,es,US,16-09-2024 00:00,#tech #news,7313098,281273,32270,43873,4.89%,0.64,1,357416,Low Engagement
SM_101246,Instagram,carousel,Carousel,Technology,fr,Brazil,04-08-2024 00:00,#news #music #viral,7005830,269455,9932,77464,5.09%,-0.06,1,356851,High Engagement
SM_101740,Instagram,text,Text,Education,en,US,16-02-2024 00:00,#fyp #tech #trending #music,8963864,320138,22109,14592,3.98%,-0.84,1,356839,Low Engagement
SM_100761,YouTube Shorts,text,Text,Education,hi,Brazil,25-07-2024 00:00,#trending #viral #funny #fyp #news,3077272,279752,22010,54576,11.58%,0,1,356338,High Engagement
SM_101378,Instagram,carousel,Carousel,Politics,fr,US,14-08-2024 00:00,#music #fyp #ai,6126855,291755,15429,48822,5.81%,-0.73,1,356006,High Engagement
SM_100958,Instagram,carousel,Carousel,Technology,hi,Pakistan,01-07-2024 00:00,#tech #viral #trending #fyp,4289389,252317,34665,68976,8.30%,-0.3,1,355958,High Engagement
SM_100168,Instagram,video,Video,Sports,en,Brazil,19-07-2024 00:00,#ai #music,5707257,335721,14393,5570,6.23%,-0.58,1,355684,High Engagement
SM_101374,Instagram,carousel,Carousel,Entertainment,ur,India,11-12-2024 00:00,#music #funny #fyp,6291117,299577,16581,39406,5.65%,0.72,1,355564,High Engagement
SM_101854,YouTube Shorts,image,Image,Technology,es,Brazil,11-12-2024 00:00,#tech #viral #trending #news #funny,5174640,258732,10155,85930,6.86%,-0.23,1,354817,High Engagement
SM_101662,TikTok,image,Image,Education,hi,Brazil,23-02-2024 00:00,#ai #trending #news,7890426,343062,10200,1538,4.50%,-0.55,1,354800,Low Engagement
SM_101158,YouTube Shorts,image,Image,Politics,es,Pakistan,17-07-2024 00:00,#trending #viral #fyp #funny,3354923,258071,30067,66468,10.57%,-0.54,1,354606,High Engagement
SM_100217,Instagram,text,Text,Lifestyle,en,Brazil,28-07-2024 00:00,#funny #music #viral,8235696,343154,5793,5409,4.30%,0.48,1,354356,Low Engagement
SM_100844,TikTok,video,Video,Sports,fr,India,03-07-2024 00:00,#music #tech #fyp #trending #viral,7576713,280619,15093,57616,4.66%,0.09,1,353328,Low Engagement
SM_101969,Instagram,carousel,Carousel,Politics,en,UK,29-10-2024 00:00,#trending #funny #fyp,4540815,302721,32227,18321,7.78%,0.59,1,353269,High Engagement
SM_101107,X,video,Video,Education,fr,UK,18-02-2024 00:00,#trending #funny #ai,6835128,284797,24371,44037,5.17%,-0.5,1,353205,High Engagement
SM_100577,Instagram,carousel,Carousel,Politics,en,Brazil,10-05-2024 00:00,#trending #ai #tech,4322240,270140,32977,49734,8.16%,-0.69,1,352851,High Engagement
SM_100149,TikTok,image,Image,Lifestyle,es,Brazil,27-06-2024 00:00,#funny #tech #fyp,7047754,243026,47285,62293,5.00%,0.94,1,352604,High Engagement
SM_100275,Instagram,text,Text,Lifestyle,es,Brazil,14-03-2024 00:00,#fyp #tech #music #news,5378310,256110,24068,72356,6.55%,0.44,1,352534,High Engagement
SM_101021,Instagram,video,Video,Politics,es,UK,15-04-2024 00:00,#music #fyp,8413132,300469,38852,12454,4.18%,-0.69,1,351775,Low Engagement
SM_101754,X,carousel,Carousel,Politics,en,India,10-06-2024 00:00,#music #funny #tech #fyp #news,5364320,268216,15887,66395,6.53%,-0.66,1,350498,High Engagement
SM_100885,YouTube Shorts,video,Video,Lifestyle,hi,India,11-07-2024 00:00,#viral #tech,1404665,280933,29089,40388,24.95%,-0.77,0,350410,High Engagement
SM_100907,YouTube Shorts,video,Video,Politics,hi,UK,26-09-2024 00:00,#news #music,2822690,282269,4463,63611,12.41%,-0.15,1,350343,High Engagement
SM_101311,Instagram,image,Image,Technology,ur,US,20-03-2024 00:00,#funny #ai #music,6711824,239708,23288,86972,5.21%,-0.2,1,349968,High Engagement
SM_100229,YouTube Shorts,text,Text,Technology,en,UK,31-12-2024 00:00,#ai #fyp #funny #trending #tech,2316400,289550,19920,39916,15.08%,0.84,1,349386,High Engagement
SM_100692,X,video,Video,Entertainment,fr,India,12-06-2024 00:00,#tech #viral #ai #fyp #music,3648990,243266,11743,94334,9.57%,-0.38,1,349343,High Engagement
SM_101234,YouTube Shorts,image,Image,Entertainment,en,US,30-06-2024 00:00,#music #trending #tech #fyp #news,7702975,308119,35333,5868,4.53%,0.35,1,349320,Low Engagement
SM_101990,Instagram,video,Video,Entertainment,es,Brazil,24-10-2024 00:00,#news #viral,2638432,329804,16718,2487,13.23%,-0.07,1,349009,High Engagement
SM_100930,X,image,Image,Lifestyle,en,UK,28-08-2024 00:00,#trending #fyp,4251828,303702,23506,21114,8.19%,0.27,1,348322,High Engagement
SM_100465,X,image,Image,Politics,en,Pakistan,14-06-2024 00:00,#funny #tech #music,5049712,315607,32012,662,6.90%,-0.82,1,348281,High Engagement
SM_100854,YouTube Shorts,text,Text,Politics,fr,Pakistan,28-04-2024 00:00,#viral #news #music #funny #tech,5771516,303764,25680,18288,6.02%,-0.13,1,347732,High Engagement
SM_100224,X,text,Text,Lifestyle,ur,India,07-01-2024 00:00,#trending #ai #viral,1857200,232150,39671,75684,18.71%,0.43,0,347505,High Engagement
SM_100162,TikTok,video,Video,Technology,hi,US,26-03-2024 00:00,#funny #ai #news #music #viral,7204098,327459,13056,6950,4.82%,0.18,1,347465,Low Engagement
SM_101973,TikTok,image,Image,Entertainment,hi,UK,11-12-2024 00:00,#fyp #funny #tech,4174982,298213,16738,32450,8.32%,-0.75,1,347401,High Engagement
SM_100837,TikTok,text,Text,Lifestyle,hi,Pakistan,08-01-2024 00:00,#trending #tech #ai,5744184,239341,22923,85077,6.05%,-0.54,1,347341,High Engagement
SM_100508,YouTube Shorts,video,Video,Entertainment,es,US,24-11-2024 00:00,#ai #funny,2906240,290624,26040,30621,11.95%,-0.22,1,347285,High Engagement
SM_100894,Instagram,video,Video,Politics,en,UK,31-01-2024 00:00,#ai #music,7115472,254124,24478,68499,4.88%,-0.54,1,347101,Low Engagement
SM_101350,X,text,Text,Sports,hi,India,17-11-2024 00:00,#ai #music,4739151,249429,5459,91718,7.31%,0.73,1,346606,High Engagement
SM_100321,YouTube Shorts,video,Video,Lifestyle,en,Pakistan,26-04-2024 00:00,#news #viral #tech #music #trending,5475325,288175,28846,29193,6.32%,0.31,1,346214,High Engagement
SM_100861,YouTube Shorts,carousel,Carousel,Technology,fr,Brazil,30-10-2024 00:00,#viral #ai #music #tech,3617256,301438,44372,390,9.57%,-0.64,1,346200,High Engagement
SM_101075,X,carousel,Carousel,Lifestyle,hi,US,10-05-2024 00:00,#funny #tech #music,1453872,207696,40451,97058,23.74%,-0.51,0,345205,High Engagement
SM_100282,Instagram,image,Image,Politics,es,Brazil,18-08-2024 00:00,#funny #trending,6063068,275594,24359,45187,5.69%,0.6,1,345140,High Engagement
SM_101751,YouTube Shorts,video,Video,Entertainment,en,US,11-02-2024 00:00,#trending #funny #music #fyp,8669154,333429,9125,1952,3.97%,0.15,1,344506,Low Engagement
SM_100028,YouTube Shorts,image,Image,Politics,es,Pakistan,03-09-2024 00:00,#news #funny #music,1989200,248650,41528,54269,17.32%,0.82,0,344447,High Engagement
SM_101704,X,image,Image,Politics,es,Pakistan,09-01-2024 00:00,#fyp #tech,7230276,267788,13280,63249,4.76%,-0.57,1,344317,Low Engagement
SM_101121,Instagram,text,Text,Lifestyle,hi,Brazil,13-05-2024 00:00,#funny #fyp #tech #viral #trending,3515456,251104,39892,53219,9.79%,-0.37,1,344215,High Engagement
SM_100697,YouTube Shorts,text,Text,Sports,hi,Pakistan,02-12-2024 00:00,#funny #viral,4675877,203299,49119,91370,7.35%,-0.95,1,343788,High Engagement
SM_100077,X,video,Video,Entertainment,es,India,03-07-2024 00:00,#ai #music #trending #tech,5971440,248810,24381,70317,5.75%,0.3,1,343508,High Engagement
SM_100328,TikTok,text,Text,Education,ur,Pakistan,02-04-2024 00:00,#news #music #fyp #viral #funny,3976940,198847,47461,96827,8.63%,0.42,1,343135,High Engagement
SM_101679,Instagram,image,Image,Politics,ur,Brazil,04-02-2024 00:00,#viral #fyp #ai #funny,4829130,268285,12678,61955,7.10%,0.03,1,342918,High Engagement
SM_100414,X,image,Image,Sports,fr,India,04-10-2024 00:00,#ai #fyp #trending #viral #news,6670566,247058,48325,47415,5.14%,0.89,1,342798,High Engagement
SM_101811,Instagram,video,Video,Technology,ur,India,03-05-2024 00:00,#ai #fyp #funny,4650945,310063,28474,3846,7.36%,-0.32,1,342383,High Engagement
SM_100647,TikTok,image,Image,Education,hi,Pakistan,20-05-2024 00:00,#funny #ai,1357060,271412,20966,49880,25.22%,-0.95,0,342258,High Engagement
SM_100202,Instagram,carousel,Carousel,Education,fr,UK,18-04-2024 00:00,#music #viral #funny,1510265,302053,5292,34388,22.63%,-0.72,0,341733,High Engagement
SM_100658,X,carousel,Carousel,Education,fr,US,18-09-2024 00:00,#trending #viral #fyp,6423696,267654,17844,56045,5.32%,-0.59,1,341543,High Engagement
SM_100288,YouTube Shorts,video,Video,Lifestyle,es,India,14-11-2024 00:00,#fyp #news,7046534,320297,5324,15897,4.85%,-0.02,1,341518,Low Engagement
SM_100791,TikTok,image,Image,Sports,es,India,28-10-2024 00:00,#ai #funny,3749520,220560,32087,88331,9.09%,0.62,1,340978,High Engagement
SM_100350,YouTube Shorts,video,Video,Education,en,Pakistan,04-09-2024 00:00,#trending #music,2590160,259016,28607,53332,13.16%,0.52,1,340955,High Engagement
SM_100623,YouTube Shorts,video,Video,Technology,fr,Pakistan,02-11-2024 00:00,#tech #funny #news #trending #viral,3411187,262399,1963,76230,9.98%,0.31,1,340592,High Engagement
SM_100497,Instagram,video,Video,Entertainment,fr,India,28-12-2024 00:00,#news #music #fyp,2000000,200000,41784,98724,17.03%,-0.15,0,340508,High Engagement
SM_100857,X,text,Text,Entertainment,en,UK,01-11-2024 00:00,#trending #viral #ai #tech,5163516,286862,34680,18920,6.59%,0.41,1,340462,High Engagement
SM_100781,TikTok,image,Image,Education,ur,Pakistan,17-11-2024 00:00,#tech #news #ai #trending #funny,6283980,314199,20098,6156,5.42%,0.14,1,340453,High Engagement
SM_101152,YouTube Shorts,video,Video,Entertainment,ur,UK,02-08-2024 00:00,#music #tech,4386720,230880,23329,86211,7.76%,-0.21,1,340420,High Engagement
SM_101979,Instagram,image,Image,Entertainment,fr,US,13-07-2024 00:00,#tech #funny,1669136,208642,42542,88823,20.37%,0.02,0,340007,High Engagement
SM_100780,YouTube Shorts,text,Text,Lifestyle,en,India,09-04-2024 00:00,#trending #tech #music #fyp,1463375,292675,17913,29337,23.23%,0.48,0,339925,High Engagement
SM_101993,Instagram,video,Video,Lifestyle,es,Brazil,14-12-2024 00:00,#music #trending #funny #ai #viral,6482208,270092,14279,54546,5.23%,-0.23,1,338917,High Engagement
SM_101223,TikTok,text,Text,Lifestyle,ur,US,25-09-2024 00:00,#viral #news #funny #trending #tech,6114675,291175,9295,38368,5.54%,0.35,1,338838,High Engagement
SM_100393,X,text,Text,Entertainment,ur,India,15-10-2024 00:00,#viral #ai #fyp #tech #trending,7518160,289160,44970,4649,4.51%,0.74,1,338779,Low Engagement
SM_101986,TikTok,text,Text,Entertainment,ur,Brazil,22-07-2024 00:00,#trending #news,5052451,297203,32333,8860,6.70%,0.01,1,338396,High Engagement
SM_101176,Instagram,carousel,Carousel,Technology,en,US,30-09-2024 00:00,#tech #ai,4547242,324803,4878,8636,7.44%,-0.53,1,338317,High Engagement
SM_101394,Instagram,image,Image,Lifestyle,es,UK,22-08-2024 00:00,#viral #ai #funny #tech,2469640,246964,14825,76428,13.69%,0.31,1,338217,High Engagement
SM_100634,X,text,Text,Technology,fr,US,11-01-2024 00:00,#fyp #trending #ai #funny,5050710,280595,4093,53331,6.69%,0.82,1,338019,High Engagement
SM_101147,TikTok,carousel,Carousel,Lifestyle,en,Pakistan,06-02-2024 00:00,#music #ai,3531000,294250,31427,12206,9.57%,-0.81,1,337883,High Engagement
SM_100587,Instagram,image,Image,Technology,fr,US,01-02-2024 00:00,#fyp #ai,1239522,206587,32321,98877,27.25%,-0.19,0,337785,High Engagement
SM_100519,YouTube Shorts,image,Image,Lifestyle,ur,US,20-04-2024 00:00,#ai #trending #fyp #viral #funny,5400538,234806,38283,64028,6.24%,-0.65,1,337117,High Engagement
SM_100515,X,video,Video,Education,fr,US,27-03-2024 00:00,#music #news,2681184,223432,41996,70477,12.53%,-0.83,1,335905,High Engagement
SM_100774,TikTok,text,Text,Technology,en,Brazil,27-09-2024 00:00,#funny #tech,2058875,294125,17063,24473,16.30%,-0.19,1,335661,High Engagement
SM_100569,X,video,Video,Technology,es,UK,04-01-2024 00:00,#trending #tech #funny,5675103,270243,22441,42964,5.91%,-0.13,1,335648,High Engagement
SM_100954,TikTok,text,Text,Politics,fr,Pakistan,15-10-2024 00:00,#funny #viral #music #news #ai,6946584,289441,22015,24124,4.83%,-0.91,1,335580,Low Engagement
SM_100882,Instagram,image,Image,Sports,fr,India,07-03-2024 00:00,#music #ai #trending,7230850,289234,16198,30110,4.64%,-0.97,1,335542,Low Engagement
SM_101639,TikTok,video,Video,Education,hi,India,15-11-2024 00:00,#viral #fyp #funny #trending #music,2958072,227544,29304,78573,11.34%,-0.67,1,335421,High Engagement
SM_100086,Instagram,carousel,Carousel,Entertainment,fr,Brazil,01-10-2024 00:00,#funny #tech,5380643,233941,17024,83614,6.22%,0.59,1,334579,High Engagement
SM_100491,X,carousel,Carousel,Politics,es,Pakistan,15-05-2024 00:00,#music #viral #fyp #ai #trending,5397065,234655,27291,72147,6.19%,0.13,1,334093,High Engagement
SM_100370,YouTube Shorts,video,Video,Technology,es,India,15-07-2024 00:00,#tech #trending #ai #viral,3820194,212233,23403,98394,8.74%,0.39,1,334030,High Engagement
SM_101716,X,video,Video,Technology,hi,US,18-10-2024 00:00,#fyp #funny #news #music #tech,5316606,295367,28815,9719,6.28%,0.69,1,333901,High Engagement
SM_101817,Instagram,video,Video,Technology,ur,UK,18-05-2024 00:00,#viral #trending,3605615,277355,32317,24162,9.26%,-0.71,1,333834,High Engagement
SM_101456,YouTube Shorts,video,Video,Technology,ur,India,12-08-2024 00:00,#music #trending #ai,6227595,270765,33546,29064,5.35%,-0.03,1,333375,High Engagement
SM_100176,TikTok,carousel,Carousel,Education,en,UK,29-07-2024 00:00,#fyp #viral #music,5411542,284818,5245,43222,6.16%,0.02,1,333285,High Engagement
SM_101753,Instagram,carousel,Carousel,Sports,fr,Brazil,08-12-2024 00:00,#trending #ai #news #funny,3679746,262839,29597,40644,9.05%,-0.52,1,333080,High Engagement
SM_101881,X,image,Image,Sports,ur,India,03-06-2024 00:00,#funny #trending #music #viral,6150291,212079,37315,83684,5.42%,-0.44,1,333078,High Engagement
SM_101949,TikTok,text,Text,Entertainment,fr,India,25-08-2024 00:00,#funny #viral #news #tech,7101248,253616,11869,66962,4.68%,0.88,1,332447,Low Engagement
SM_100839,Instagram,text,Text,Sports,hi,Pakistan,31-07-2024 00:00,#tech #news #ai #trending #music,1729608,216201,20471,95743,19.22%,0.48,0,332415,High Engagement
SM_101454,TikTok,text,Text,Education,hi,UK,17-07-2024 00:00,#music #trending #funny #news #viral,6373050,254922,46481,30826,5.21%,0.23,1,332229,High Engagement
SM_101778,TikTok,video,Video,Lifestyle,fr,Brazil,10-10-2024 00:00,#funny #music #tech #fyp #news,6753572,241199,44871,46158,4.92%,-0.63,1,332228,Low Engagement
SM_100131,Instagram,carousel,Carousel,Education,fr,Pakistan,29-01-2024 00:00,#viral #tech #funny #music #trending,6747972,306726,20657,4749,4.92%,-0.06,1,332132,Low Engagement
SM_100819,Instagram,video,Video,Education,hi,India,05-02-2024 00:00,#trending #viral #funny,6753432,281393,45745,4957,4.92%,0.15,1,332095,Low Engagement
SM_101434,TikTok,video,Video,Lifestyle,ur,Pakistan,18-06-2024 00:00,#trending #fyp #news #funny #tech,5907840,246160,17112,68547,5.62%,0.06,1,331819,High Engagement
SM_100633,X,image,Image,Politics,fr,US,10-08-2024 00:00,#viral #news,2462830,246283,23388,61710,13.46%,-0.44,1,331381,High Engagement
SM_101653,TikTok,carousel,Carousel,Sports,es,Brazil,05-11-2024 00:00,#music #funny,5156008,198308,46724,86323,6.43%,-0.1,1,331355,High Engagement
SM_101579,YouTube Shorts,image,Image,Sports,es,Brazil,04-06-2024 00:00,#music #news,8836474,304706,3132,23148,3.75%,0.56,1,330986,Low Engagement
SM_101738,YouTube Shorts,carousel,Carousel,Sports,en,India,29-04-2024 00:00,#tech #news,5448102,247641,48293,35032,6.07%,0.34,1,330966,High Engagement
SM_100925,YouTube Shorts,text,Text,Technology,ur,Brazil,18-06-2024 00:00,#fyp #trending #news #funny #ai,1719180,191020,46369,93423,19.24%,-0.18,0,330812,High Engagement
SM_101696,YouTube Shorts,text,Text,Technology,es,Pakistan,01-09-2024 00:00,#music #trending,4184480,209224,47063,74095,7.90%,0.63,1,330382,High Engagement
SM_101208,X,carousel,Carousel,Education,ur,Brazil,21-05-2024 00:00,#ai #music #tech #fyp #viral,1717888,214736,35917,79527,19.22%,-0.15,0,330180,High Engagement
SM_100484,YouTube Shorts,video,Video,Technology,ur,UK,27-11-2024 00:00,#ai #tech #trending #viral #funny,5406209,186421,48900,94474,6.10%,0.15,1,329795,High Engagement
SM_101921,X,carousel,Carousel,Entertainment,fr,US,07-03-2024 00:00,#funny #ai #music #trending,8081192,288614,29487,11587,4.08%,-0.47,1,329688,Low Engagement
SM_101911,YouTube Shorts,image,Image,Sports,en,India,29-08-2024 00:00,#tech #trending,4154025,276935,4316,48076,7.93%,-0.61,1,329327,High Engagement
SM_100728,Instagram,video,Video,Politics,es,Pakistan,13-01-2024 00:00,#fyp #ai #music,3272964,272747,19230,36977,10.05%,-0.41,1,328954,High Engagement
SM_100354,TikTok,video,Video,Education,es,UK,14-04-2024 00:00,#news #viral #ai #tech #funny,7095175,283807,39346,5777,4.64%,-0.69,1,328930,Low Engagement
SM_100581,YouTube Shorts,carousel,Carousel,Sports,hi,US,02-11-2024 00:00,#ai #music,3520314,251451,11923,65429,9.34%,0.66,1,328803,High Engagement
SM_101104,TikTok,carousel,Carousel,Technology,fr,Brazil,15-07-2024 00:00,#fyp #music #tech #viral #funny,4506211,237169,42227,49224,7.29%,0.65,1,328620,High Engagement
SM_101492,YouTube Shorts,image,Image,Lifestyle,es,India,14-07-2024 00:00,#viral #fyp,3699336,217608,22361,88560,8.88%,-0.7,1,328529,High Engagement
SM_100884,X,image,Image,Lifestyle,es,US,06-05-2024 00:00,#trending #fyp #tech #funny #news,2027032,253379,29236,45801,16.20%,-0.5,1,328416,High Engagement
SM_100914,X,image,Image,Education,hi,UK,03-04-2024 00:00,#tech #funny,6683675,267347,25505,35530,4.91%,0.49,1,328382,Low Engagement
SM_101877,YouTube Shorts,carousel,Carousel,Lifestyle,fr,Pakistan,02-02-2024 00:00,#fyp #ai #trending #funny,1131090,226218,17266,84791,29.02%,-0.22,0,328275,High Engagement
SM_101534,Instagram,carousel,Carousel,Lifestyle,es,Pakistan,13-04-2024 00:00,#music #viral #trending #funny,2349730,234973,15984,77066,13.96%,0.82,1,328023,High Engagement
SM_100806,TikTok,carousel,Carousel,Education,en,Pakistan,29-08-2024 00:00,#viral #funny,3988290,265886,28006,34065,8.22%,-0.21,1,327957,High Engagement
SM_100625,Instagram,text,Text,Technology,en,UK,18-02-2024 00:00,#ai #funny #fyp #music,3923538,206502,33214,87961,8.35%,-0.39,1,327677,High Engagement
SM_101020,Instagram,image,Image,Politics,en,US,26-03-2024 00:00,#funny #music #tech #fyp #trending,7243470,278595,4136,44826,4.52%,0.8,1,327557,Low Engagement
SM_101875,X,carousel,Carousel,Technology,en,India,20-01-2024 00:00,#funny #trending #ai,6212220,310611,13206,2740,5.26%,0.67,1,326557,High Engagement
SM_101737,Instagram,carousel,Carousel,Technology,fr,Brazil,30-07-2024 00:00,#fyp #funny #tech #ai,2533464,281496,10712,34207,12.88%,-0.09,1,326415,High Engagement
SM_101074,X,video,Video,Entertainment,hi,US,16-07-2024 00:00,#music #ai,8572564,306163,16572,3359,3.80%,-0.32,1,326094,Low Engagement
SM_100014,TikTok,text,Text,Politics,es,Pakistan,11-09-2024 00:00,#trending #funny #fyp #news,1574952,196869,37070,92094,20.70%,0.2,0,326033,High Engagement
SM_100165,YouTube Shorts,carousel,Carousel,Sports,ur,Brazil,01-06-2024 00:00,#funny #news,3513650,250975,4642,70391,9.28%,0.73,1,326008,High Engagement
SM_100166,TikTok,image,Image,Education,ur,Brazil,17-09-2024 00:00,#viral #news,3472560,248040,37665,39812,9.37%,0.85,1,325517,High Engagement
SM_101415,X,video,Video,Education,ur,Pakistan,18-02-2024 00:00,#ai #music,6344919,302139,3725,19268,5.12%,-0.78,1,325132,High Engagement
SM_100010,X,text,Text,Entertainment,hi,India,12-11-2024 00:00,#trending #fyp #news,3034812,252901,23488,48556,10.71%,-0.93,1,324945,High Engagement
SM_101684,Instagram,carousel,Carousel,Sports,hi,UK,11-12-2024 00:00,#tech #ai #fyp #funny,7627319,263011,3900,58027,4.26%,0.51,1,324938,Low Engagement
SM_100085,X,text,Text,Lifestyle,es,Pakistan,14-07-2024 00:00,#funny #trending #news #ai #fyp,5085840,211910,39739,72616,6.38%,-0.74,1,324265,High Engagement
SM_100477,X,image,Image,Technology,en,Brazil,12-02-2024 00:00,#news #ai #trending #tech,1373043,196149,37179,90374,23.58%,0.57,0,323702,High Engagement
SM_100195,X,video,Video,Education,ur,UK,01-02-2024 00:00,#music #funny #ai #news #tech,2383130,238313,122,84472,13.55%,0.34,1,322907,High Engagement
SM_101058,Instagram,image,Image,Education,fr,US,14-04-2024 00:00,#funny #trending #ai #music,1112860,222572,36644,63628,29.01%,0.55,0,322844,High Engagement
SM_100271,Instagram,image,Image,Politics,en,Brazil,06-08-2024 00:00,#tech #funny #ai,2504645,227695,46833,47925,12.87%,0.15,1,322453,High Engagement
SM_101846,YouTube Shorts,image,Image,Lifestyle,es,Brazil,01-03-2024 00:00,#trending #viral,3185208,265434,48118,8790,10.12%,-0.17,1,322342,High Engagement
SM_101585,YouTube Shorts,image,Image,Education,fr,US,14-08-2024 00:00,#viral #music #trending #tech,2744651,211127,11819,99341,11.74%,-0.79,1,322287,High Engagement
SM_100691,TikTok,image,Image,Education,en,UK,02-01-2024 00:00,#ai #tech #music #fyp #viral,2118361,302623,17302,2012,15.20%,-0.32,1,321937,High Engagement
SM_100775,X,text,Text,Technology,hi,US,11-07-2024 00:00,#viral #music #trending,6483120,231540,36026,54132,4.96%,0.45,1,321698,Low Engagement
SM_101159,YouTube Shorts,image,Image,Politics,hi,US,31-05-2024 00:00,#ai #tech #news,5062416,210934,13866,96838,6.35%,0.35,1,321638,High Engagement
SM_100137,YouTube Shorts,text,Text,Politics,hi,UK,30-06-2024 00:00,#funny #viral #tech #music #fyp,4777353,207711,21737,91363,6.72%,0.94,1,320811,High Engagement
SM_101333,X,carousel,Carousel,Technology,hi,India,22-07-2024 00:00,#tech #trending,4753065,206655,32340,81396,6.74%,0.75,1,320391,High Engagement
SM_100730,YouTube Shorts,video,Video,Technology,ur,US,26-02-2024 00:00,#funny #tech #trending,3084120,257010,20625,42728,10.39%,0.54,1,320363,High Engagement
SM_101540,X,video,Video,Sports,hi,Brazil,30-06-2024 00:00,#news #tech,6557596,226124,49708,44355,4.88%,-0.12,1,320187,Low Engagement
SM_101080,TikTok,carousel,Carousel,Sports,ur,Brazil,03-02-2024 00:00,#news #ai #viral,5908078,268549,32731,18783,5.42%,0.79,1,320063,High Engagement
SM_101445,X,carousel,Carousel,Politics,hi,Brazil,18-02-2024 00:00,#funny #music #news #viral,5692872,237203,48151,34566,5.62%,0.74,1,319920,High Engagement
SM_101835,TikTok,video,Video,Sports,es,Pakistan,09-01-2024 00:00,#funny #trending,2508737,228067,21503,70199,12.75%,0.84,1,319769,High Engagement
SM_100135,TikTok,carousel,Carousel,Entertainment,fr,India,10-01-2024 00:00,#fyp #funny #trending #viral,3424320,214020,37802,67642,9.33%,0.96,1,319464,High Engagement
SM_100696,YouTube Shorts,text,Text,Technology,en,Brazil,01-02-2024 00:00,#viral #ai,4048812,224934,4657,89860,7.89%,-0.94,1,319451,High Engagement
SM_101968,X,image,Image,Lifestyle,ur,US,02-07-2024 00:00,#funny #viral,4609374,209517,14860,94925,6.93%,0.55,1,319302,High Engagement
SM_101888,TikTok,image,Image,Sports,fr,US,06-02-2024 00:00,#trending #ai #fyp #music #news,2405754,267306,44650,7245,13.27%,0.11,1,319201,High Engagement
SM_101313,X,image,Image,Technology,hi,UK,26-01-2024 00:00,#tech #music,1831776,228972,43633,46217,17.41%,-0.47,0,318822,High Engagement
SM_101393,TikTok,image,Image,Lifestyle,es,Brazil,15-11-2024 00:00,#music #funny #viral #ai,3507882,250563,35479,32770,9.09%,-0.61,1,318812,High Engagement
SM_100687,TikTok,text,Text,Lifestyle,ur,UK,14-11-2024 00:00,#tech #fyp #music #news #trending,5661351,195219,47780,75770,5.63%,-0.95,1,318769,High Engagement
SM_101885,YouTube Shorts,image,Image,Entertainment,en,UK,08-10-2024 00:00,#funny #trending #fyp,4323030,288202,10771,19769,7.37%,0.47,1,318742,High Engagement
SM_101439,Instagram,video,Video,Education,hi,Brazil,07-04-2024 00:00,#tech #ai,3792360,189618,47899,81150,8.40%,0.1,1,318667,High Engagement
SM_100657,YouTube Shorts,text,Text,Entertainment,en,India,30-05-2024 00:00,#tech #trending #viral #news #ai,1449280,207040,42609,68337,21.94%,-0.61,0,317986,High Engagement
SM_101857,X,video,Video,Lifestyle,fr,UK,19-08-2024 00:00,#fyp #ai #tech #funny #music,8383813,289097,8188,20662,3.79%,-0.69,1,317947,Low Engagement
SM_101688,X,carousel,Carousel,Sports,ur,Brazil,30-09-2024 00:00,#news #music #ai #trending #funny,2546588,231508,9704,76299,12.47%,0.82,1,317511,High Engagement
SM_101576,TikTok,image,Image,Entertainment,en,Brazil,16-09-2024 00:00,#music #funny #viral #ai,3795709,223277,28557,65243,8.35%,-0.27,1,317077,High Engagement
SM_101240,Instagram,image,Image,Education,en,UK,25-11-2024 00:00,#funny #viral #trending #news #music,2505294,278366,7359,30980,12.64%,-0.84,1,316705,High Engagement
SM_100160,YouTube Shorts,carousel,Carousel,Technology,hi,UK,01-08-2024 00:00,#news #viral #fyp #tech,5347398,281442,19763,15255,5.92%,0.57,1,316460,High Engagement
SM_100382,X,video,Video,Entertainment,es,UK,02-02-2024 00:00,#fyp #viral #ai #funny #news,7793128,278326,666,37413,4.06%,0.95,1,316405,Low Engagement
SM_100734,X,video,Video,Education,ur,Brazil,30-04-2024 00:00,#ai #funny #music,4241755,249515,24327,41870,7.44%,0.9,1,315712,High Engagement
SM_101764,Instagram,image,Image,Politics,ur,India,17-07-2024 00:00,#fyp #viral,5330304,253824,19054,42720,5.92%,0.04,1,315598,High Engagement
SM_100346,YouTube Shorts,text,Text,Politics,fr,Brazil,04-02-2024 00:00,#news #funny #fyp,2017911,288273,13030,14289,15.64%,-0.1,1,315592,High Engagement
SM_100169,TikTok,image,Image,Education,es,UK,30-01-2024 00:00,#trending #ai #music,5938370,258190,12020,45003,5.31%,0.08,1,315213,High Engagement
SM_100583,Instagram,image,Image,Education,en,UK,15-05-2024 00:00,#viral #music,2268216,252024,28233,34522,13.88%,0.13,1,314779,High Engagement
SM_100270,X,image,Image,Politics,ur,India,16-04-2024 00:00,#fyp #trending #news,1925680,192568,40765,81183,16.33%,0.46,0,314516,High Engagement
SM_101102,Instagram,video,Video,Politics,en,Brazil,03-04-2024 00:00,#trending #fyp #news #ai,3686450,216850,37397,59994,8.52%,-0.83,1,314241,High Engagement
SM_101131,TikTok,image,Image,Technology,hi,Pakistan,05-10-2024 00:00,#fyp #ai,3229335,215289,14196,84727,9.73%,-0.09,1,314212,High Engagement
SM_101782,X,video,Video,Technology,ur,India,10-04-2024 00:00,#music #tech #viral,5862631,254897,26572,32377,5.35%,0.13,1,313846,High Engagement
SM_101565,X,carousel,Carousel,Entertainment,es,US,11-06-2024 00:00,#viral #music #ai #tech,2409426,267714,30864,14954,13.01%,0.42,1,313532,High Engagement
SM_100946,Instagram,text,Text,Lifestyle,hi,US,19-07-2024 00:00,#viral #music,3438658,180982,37830,94637,9.12%,-0.07,1,313449,High Engagement
SM_100939,Instagram,text,Text,Sports,ur,Brazil,22-12-2024 00:00,#tech #music #funny,4166989,245117,6165,61511,7.51%,-0.22,1,312793,High Engagement
SM_100526,YouTube Shorts,image,Image,Sports,en,India,13-01-2024 00:00,#ai #tech,4605120,230256,42681,39072,6.78%,0.62,1,312009,High Engagement
SM_101071,Instagram,carousel,Carousel,Lifestyle,hi,Brazil,10-11-2024 00:00,#funny #music #news #ai,1135495,227099,14335,70428,27.46%,-0.82,0,311862,High Engagement
SM_100040,TikTok,text,Text,Technology,fr,US,07-03-2024 00:00,#funny #tech #fyp #music #ai,1542306,257051,27733,26737,20.20%,0.01,0,311521,High Engagement
SM_101752,YouTube Shorts,image,Image,Technology,es,UK,27-09-2024 00:00,#tech #ai #funny #music #news,6732488,240446,29002,41955,4.63%,-0.03,1,311403,Low Engagement
SM_100285,Instagram,carousel,Carousel,Politics,es,Brazil,12-12-2024 00:00,#tech #news #music #trending #funny,3793713,180653,36413,94007,8.20%,-0.63,1,311073,High Engagement
SM_100542,TikTok,video,Video,Sports,hi,UK,30-04-2024 00:00,#viral #funny #ai #fyp #news,2098827,233203,22661,55148,14.82%,0.76,1,311012,High Engagement
SM_100362,TikTok,text,Text,Sports,hi,US,15-07-2024 00:00,#ai #funny #tech,5595150,254325,26594,30016,5.56%,-0.04,1,310935,High Engagement
SM_101525,TikTok,image,Image,Lifestyle,ur,Pakistan,07-12-2024 00:00,#tech #viral #music #ai,1219674,203279,49736,57890,25.49%,-0.31,0,310905,High Engagement
SM_101480,X,carousel,Carousel,Entertainment,es,India,19-10-2024 00:00,#news #viral,6405975,256239,21276,33314,4.85%,-0.77,1,310829,Low Engagement
SM_100595,Instagram,text,Text,Entertainment,ur,US,10-02-2024 00:00,#music #ai,3861313,203227,10988,96469,8.05%,0.76,1,310684,High Engagement
SM_100308,YouTube Shorts,image,Image,Entertainment,fr,Brazil,02-11-2024 00:00,#viral #funny #trending,3389760,211860,23900,74692,9.16%,0.91,1,310452,High Engagement
SM_100276,X,video,Video,Entertainment,fr,UK,07-03-2024 00:00,#tech #funny,4335249,228171,28774,53303,7.16%,0.91,1,310248,High Engagement
SM_100154,X,image,Image,Politics,en,India,27-09-2024 00:00,#trending #tech,6282680,273160,4814,32202,4.94%,-0.51,1,310176,Low Engagement
SM_101036,YouTube Shorts,text,Text,Education,es,UK,01-02-2024 00:00,#news #tech #ai,3649322,214666,46156,48921,8.49%,0.32,1,309743,High Engagement
SM_101806,Instagram,image,Image,Lifestyle,hi,US,23-07-2024 00:00,#funny #fyp #news #tech #ai,6677772,230268,14200,65132,4.64%,-0.07,1,309600,Low Engagement
SM_101632,YouTube Shorts,carousel,Carousel,Lifestyle,hi,US,23-04-2024 00:00,#funny #news #viral #fyp,3605168,257512,6702,44679,8.57%,-0.3,1,308893,High Engagement
SM_100066,TikTok,video,Video,Lifestyle,en,US,16-07-2024 00:00,#funny #ai,1440005,205715,45719,56836,21.41%,0.54,0,308270,High Engagement
SM_101381,TikTok,image,Image,Lifestyle,fr,Pakistan,24-12-2024 00:00,#music #funny,5039616,209984,19994,78283,6.12%,0.62,1,308261,High Engagement
SM_101702,YouTube Shorts,text,Text,Entertainment,en,UK,18-11-2024 00:00,#fyp #trending,4129524,196644,49909,61314,7.46%,0.74,1,307867,High Engagement
SM_100334,YouTube Shorts,carousel,Carousel,Sports,es,US,15-09-2024 00:00,#ai #fyp #funny #viral,2080144,189104,26593,91660,14.78%,-0.61,1,307357,High Engagement
SM_101663,YouTube Shorts,image,Image,Politics,ur,India,16-03-2024 00:00,#fyp #news,1418992,177374,40169,89744,21.66%,0.26,0,307287,High Engagement
SM_101060,X,text,Text,Lifestyle,hi,Brazil,30-11-2024 00:00,#funny #music #tech #viral,3491685,232779,16066,58227,8.79%,0.14,1,307072,High Engagement
SM_101065,X,image,Image,Technology,en,Pakistan,31-07-2024 00:00,#funny #music #news #fyp #viral,2694048,224504,23671,58818,11.40%,0.87,1,306993,High Engagement
SM_101194,YouTube Shorts,image,Image,Lifestyle,en,Brazil,20-02-2024 00:00,#ai #viral #funny #fyp #news,4779165,251535,25261,30006,6.42%,0,1,306802,High Engagement
SM_100559,TikTok,video,Video,Entertainment,fr,UK,29-06-2024 00:00,#music #funny #viral #tech,4934540,246727,48836,10259,6.20%,-0.25,1,305822,High Engagement
SM_101165,YouTube Shorts,image,Image,Entertainment,en,UK,17-05-2024 00:00,#tech #viral #ai #music #funny,6300744,262531,22342,20667,4.85%,-0.11,1,305540,Low Engagement
SM_101937,X,text,Text,Education,hi,Pakistan,07-06-2024 00:00,#trending #news #ai #music,1495104,249184,23166,32874,20.41%,-0.39,0,305224,High Engagement
SM_100401,Instagram,carousel,Carousel,Technology,es,India,21-02-2024 00:00,#viral #music #funny #trending #news,3205005,213667,6104,85113,9.51%,0.47,1,304884,High Engagement
SM_100912,Instagram,image,Image,Technology,es,Pakistan,17-02-2024 00:00,#viral #ai,7936677,293951,3283,7297,3.84%,0.43,1,304531,Low Engagement
SM_101073,YouTube Shorts,image,Image,Politics,ur,Pakistan,14-03-2024 00:00,#trending #funny #tech #news,3775824,235989,48008,20390,8.06%,-0.67,1,304387,High Engagement
SM_100451,Instagram,carousel,Carousel,Politics,en,Brazil,13-12-2024 00:00,#tech #funny,1302185,260437,26165,17634,23.36%,-0.57,0,304236,High Engagement
SM_101992,Instagram,image,Image,Entertainment,en,UK,19-08-2024 00:00,#fyp #music #news,1664952,277492,2516,24227,18.27%,0.32,0,304235,High Engagement
SM_100683,YouTube Shorts,image,Image,Technology,fr,UK,12-06-2024 00:00,#music #trending,6000720,272760,13754,17515,5.07%,-0.19,1,304029,High Engagement
SM_101687,X,image,Image,Lifestyle,hi,Brazil,26-07-2024 00:00,#trending #tech #music #ai #viral,5454456,259736,17199,26812,5.57%,0.77,1,303747,High Engagement
SM_101894,X,text,Text,Politics,es,UK,06-07-2024 00:00,#funny #news #ai #music,5116392,213183,46417,43877,5.93%,-0.41,1,303477,High Engagement
SM_100083,YouTube Shorts,video,Video,Lifestyle,hi,UK,25-01-2024 00:00,#news #tech,2263959,251551,3056,48748,13.40%,-0.09,1,303355,High Engagement
SM_101893,YouTube Shorts,video,Video,Technology,es,India,06-09-2024 00:00,#ai #fyp #trending #music,2347220,234722,41157,27251,12.91%,-0.71,1,303130,High Engagement
SM_101657,YouTube Shorts,text,Text,Technology,hi,UK,14-12-2024 00:00,#tech #news #fyp,4406233,231907,24368,46695,6.88%,-0.47,1,302970,High Engagement
SM_100244,YouTube Shorts,image,Image,Entertainment,hi,Brazil,13-05-2024 00:00,#music #viral #funny #fyp,3512608,206624,20811,75521,8.62%,-0.21,1,302956,High Engagement
SM_100560,Instagram,video,Video,Politics,fr,US,15-04-2024 00:00,#funny #music,7228251,267713,28859,6257,4.19%,-0.53,1,302829,Low Engagement
SM_101543,X,image,Image,Lifestyle,es,India,16-04-2024 00:00,#trending #ai #music,2455544,188888,31697,81495,12.30%,-0.99,1,302080,High Engagement
SM_100752,X,image,Image,Technology,hi,Pakistan,18-11-2024 00:00,#tech #viral #trending #news,3824100,254940,5281,41628,7.89%,0.65,1,301849,High Engagement
SM_101596,YouTube Shorts,text,Text,Entertainment,hi,Pakistan,02-05-2024 00:00,#ai #viral #funny,4462796,234884,20250,46706,6.76%,-0.5,1,301840,High Engagement
SM_100153,TikTok,text,Text,Politics,en,UK,19-09-2024 00:00,#music #funny,6357555,235465,15111,50613,4.74%,0.54,1,301189,Low Engagement
SM_100358,TikTok,image,Image,Politics,en,US,01-02-2024 00:00,#news #viral #funny #ai,4170400,260650,11541,28542,7.21%,-0.51,1,300733,High Engagement
SM_100668,TikTok,video,Video,Lifestyle,en,US,18-02-2024 00:00,#trending #music #news,3729120,186456,42097,72125,8.06%,-0.41,1,300678,High Engagement
SM_100475,YouTube Shorts,video,Video,Technology,hi,US,21-09-2024 00:00,#trending #ai,6249500,215500,49497,35586,4.81%,0.11,1,300583,Low Engagement
SM_100578,TikTok,image,Image,Lifestyle,es,US,15-06-2024 00:00,#trending #viral #fyp #ai #tech,5887002,267591,30319,2644,5.11%,0.81,1,300554,High Engagement
SM_101743,X,image,Image,Education,ur,Pakistan,16-11-2024 00:00,#viral #music #funny #ai #trending,2328378,179106,40265,81104,12.90%,0.53,1,300475,High Engagement
SM_100709,TikTok,image,Image,Sports,ur,Brazil,13-09-2024 00:00,#trending #music #funny,1582803,175867,39678,84755,18.97%,0.46,0,300300,High Engagement
SM_101210,TikTok,video,Video,Technology,en,US,12-01-2024 00:00,#tech #news #fyp,5659368,235807,46170,17884,5.30%,-0.02,1,299861,High Engagement
SM_101440,X,carousel,Carousel,Entertainment,en,Brazil,31-07-2024 00:00,#trending #fyp #funny,7926093,293559,1304,4995,3.78%,0.46,1,299858,Low Engagement
SM_101805,X,text,Text,Education,en,Pakistan,19-06-2024 00:00,#news #funny #ai #music,3985520,199276,42103,58409,7.52%,-0.63,1,299788,High Engagement
SM_101975,YouTube Shorts,video,Video,Politics,fr,US,25-11-2024 00:00,#music #funny,2649432,220786,22585,56236,11.31%,0.87,1,299607,High Engagement
SM_101827,X,text,Text,Politics,en,India,19-09-2024 00:00,#music #ai #fyp #tech,2937480,209820,31026,58760,10.20%,0.34,1,299606,High Engagement
SM_101494,Instagram,text,Text,Entertainment,ur,India,04-12-2024 00:00,#ai #tech #fyp #funny #trending,1501080,187635,33762,78013,19.95%,0.68,0,299410,High Engagement
SM_101330,TikTok,carousel,Carousel,Entertainment,es,India,16-07-2024 00:00,#tech #viral #music #trending,5153022,245382,39099,14606,5.80%,0.32,1,299087,High Engagement
SM_101117,X,video,Video,Education,fr,Pakistan,09-02-2024 00:00,#trending #music #news #tech #funny,3295025,193825,13704,91420,9.07%,0.42,1,298949,High Engagement
SM_101884,Instagram,text,Text,Politics,ur,UK,20-06-2024 00:00,#tech #viral,4440128,261184,29828,7870,6.73%,0.49,1,298882,High Engagement
SM_101890,TikTok,carousel,Carousel,Sports,en,US,26-05-2024 00:00,#funny #news #ai #tech,3011370,200758,16714,81259,9.92%,-0.08,1,298731,High Engagement
SM_101017,Instagram,image,Image,Lifestyle,fr,US,13-05-2024 00:00,#news #viral #music,5014953,185739,37104,75832,5.96%,0.6,1,298675,High Engagement
SM_100488,Instagram,carousel,Carousel,Education,ur,UK,05-02-2024 00:00,#news #fyp,7111583,245227,35737,17348,4.19%,-0.54,1,298312,Low Engagement
SM_101051,YouTube Shorts,text,Text,Lifestyle,hi,Pakistan,22-02-2024 00:00,#fyp #trending #tech,4361805,207705,33494,56831,6.83%,0.41,1,298030,High Engagement
SM_101771,X,carousel,Carousel,Technology,en,US,13-11-2024 00:00,#fyp #tech #funny,2803050,186870,16784,93711,10.61%,-0.25,1,297365,High Engagement
SM_101465,TikTok,text,Text,Technology,es,Brazil,25-11-2024 00:00,#viral #fyp #tech,3967707,172509,40330,83601,7.47%,0.48,1,296440,High Engagement
SM_100231,Instagram,text,Text,Lifestyle,ur,Pakistan,18-11-2024 00:00,#news #trending #viral #music,5108532,196482,44414,55177,5.80%,-0.85,1,296073,High Engagement
SM_100531,X,video,Video,Entertainment,hi,India,23-12-2024 00:00,#fyp #music #news #funny #tech,6828057,252891,12263,30842,4.33%,0.76,1,295996,Low Engagement
SM_100405,TikTok,carousel,Carousel,Entertainment,fr,US,02-12-2024 00:00,#tech #fyp #funny,893930,178786,25897,91156,33.09%,-0.76,0,295839,High Engagement
SM_101563,YouTube Shorts,carousel,Carousel,Lifestyle,fr,Brazil,21-01-2024 00:00,#tech #news #fyp #music #viral,1590980,159098,37684,98708,18.57%,-0.79,0,295490,High Engagement
SM_101059,Instagram,video,Video,Lifestyle,es,Brazil,04-06-2024 00:00,#fyp #music #viral #news #funny,3360192,210012,27532,57416,8.78%,-0.24,1,294960,High Engagement
SM_100682,YouTube Shorts,image,Image,Politics,es,UK,25-09-2024 00:00,#ai #tech #viral,6859660,236540,7451,50584,4.29%,-0.87,1,294575,Low Engagement
SM_101624,TikTok,text,Text,Lifestyle,es,Brazil,16-11-2024 00:00,#funny #viral #fyp #music,3970191,172617,47641,73928,7.41%,0.26,1,294186,High Engagement
SM_101592,TikTok,image,Image,Education,hi,Brazil,07-05-2024 00:00,#tech #viral #news,2410727,219157,14804,60103,12.20%,0.86,1,294064,High Engagement
SM_100712,Instagram,text,Text,Sports,en,UK,24-12-2024 00:00,#funny #trending,4618640,288665,1713,3631,6.37%,-0.92,1,294009,High Engagement
SM_101658,Instagram,carousel,Carousel,Sports,fr,India,03-08-2024 00:00,#trending #music #tech #viral #funny,5954445,283545,8798,1621,4.94%,0.78,1,293964,Low Engagement
SM_100167,YouTube Shorts,image,Image,Entertainment,fr,India,27-07-2024 00:00,#trending #news #fyp,6119148,218541,19968,55124,4.80%,-0.91,1,293633,Low Engagement
SM_100948,YouTube Shorts,carousel,Carousel,Politics,ur,US,17-04-2024 00:00,#ai #viral,2095368,174614,41158,77536,14.00%,0.76,1,293308,High Engagement
SM_100027,YouTube Shorts,carousel,Carousel,Technology,fr,India,10-12-2024 00:00,#news #viral,5038587,219069,23424,50637,5.82%,-0.94,1,293130,High Engagement
SM_101053,TikTok,carousel,Carousel,Education,en,India,24-08-2024 00:00,#tech #music #ai #funny,5807600,232304,29871,30677,5.04%,-0.91,1,292852,High Engagement
SM_101389,TikTok,carousel,Carousel,Politics,ur,UK,01-06-2024 00:00,#music #news #funny #ai,2121112,265139,15328,12353,13.81%,0.87,1,292820,High Engagement
SM_100919,YouTube Shorts,video,Video,Lifestyle,es,UK,01-06-2024 00:00,#ai #tech,6563646,243098,46898,2592,4.46%,0.91,1,292588,Low Engagement
SM_101417,TikTok,text,Text,Politics,ur,Pakistan,30-03-2024 00:00,#trending #tech #news #funny #viral,5504716,196597,12987,82845,5.31%,-0.84,1,292429,High Engagement
SM_101343,X,text,Text,Politics,ur,Brazil,06-10-2024 00:00,#viral #music #tech #ai #news,2856590,259690,468,31974,10.23%,-0.23,1,292132,High Engagement
SM_100726,Instagram,image,Image,Politics,hi,India,21-10-2024 00:00,#music #news #tech,7350560,262520,17616,11945,3.97%,0.47,1,292081,Low Engagement
SM_100110,YouTube Shorts,carousel,Carousel,Politics,hi,UK,14-10-2024 00:00,#viral #trending #funny #news,1982304,220256,27389,44426,14.73%,0.5,0,292071,High Engagement
SM_100509,YouTube Shorts,carousel,Carousel,Lifestyle,fr,UK,06-04-2024 00:00,#ai #viral #tech #news #music,4099473,195213,43409,53353,7.12%,0.32,1,291975,High Engagement
SM_101998,X,carousel,Carousel,Sports,ur,UK,23-12-2024 00:00,#funny #trending #tech,5237350,209494,15042,67422,5.57%,-0.86,1,291958,High Engagement
SM_100126,Instagram,video,Video,Entertainment,es,US,29-06-2024 00:00,#news #tech,4936536,214632,22561,54694,5.91%,0.16,1,291887,High Engagement
SM_101580,Instagram,video,Video,Technology,hi,US,21-09-2024 00:00,#trending #fyp #viral #ai #funny,3401751,200103,25394,66382,8.58%,-0.28,1,291879,High Engagement
SM_100615,X,carousel,Carousel,Sports,en,UK,28-08-2024 00:00,#news #music #trending,2842593,218661,46448,26476,10.26%,-0.28,1,291585,High Engagement
SM_100654,X,image,Image,Entertainment,hi,US,09-08-2024 00:00,#funny #trending #ai #viral,1634990,163499,42075,85926,17.83%,0.78,0,291500,High Engagement
SM_100009,YouTube Shorts,video,Video,Politics,en,US,05-10-2024 00:00,#music #trending #ai #viral #news,3116477,239729,8438,43002,9.34%,-0.97,1,291169,High Engagement
SM_100396,X,carousel,Carousel,Lifestyle,fr,UK,01-02-2024 00:00,#viral #news,2009916,223324,2118,64675,14.43%,-0.98,1,290117,High Engagement
SM_100207,Instagram,text,Text,Politics,fr,India,15-10-2024 00:00,#funny #trending #viral,6458920,248420,5420,36160,4.49%,-0.9,1,290000,Low Engagement
SM_101572,YouTube Shorts,carousel,Carousel,Sports,hi,Pakistan,24-02-2024 00:00,#fyp #funny #ai,1890707,270101,11625,8178,15.33%,0.88,0,289904,High Engagement
SM_101354,Instagram,image,Image,Technology,en,UK,06-03-2024 00:00,#news #trending #viral #funny,1703031,154821,42070,92662,17.00%,0.76,0,289553,High Engagement
SM_101853,X,video,Video,Technology,fr,Brazil,05-04-2024 00:00,#viral #tech,6743061,249743,19904,19788,4.29%,-0.21,1,289435,Low Engagement
SM_100257,X,carousel,Carousel,Entertainment,es,Pakistan,08-07-2024 00:00,#music #news #trending #fyp,7246638,268394,4430,16033,3.99%,0.7,1,288857,Low Engagement
SM_101289,X,video,Video,Politics,fr,Pakistan,24-04-2024 00:00,#tech #ai #music #viral,4872375,194895,42427,51414,5.93%,-0.13,1,288736,High Engagement
SM_100722,X,image,Image,Lifestyle,hi,Brazil,21-04-2024 00:00,#fyp #news #music,1934920,193492,15077,80019,14.91%,-0.49,0,288588,High Engagement
SM_101292,YouTube Shorts,text,Text,Sports,fr,India,16-03-2024 00:00,#funny #fyp #music #tech #ai,7677072,284336,495,3730,3.76%,-0.51,1,288561,Low Engagement
SM_101874,YouTube Shorts,image,Image,Politics,fr,UK,27-03-2024 00:00,#viral #funny #fyp #news #music,2164830,216483,28759,43311,13.33%,-0.78,1,288553,High Engagement
SM_100969,X,video,Video,Education,es,US,19-02-2024 00:00,#news #viral #tech #funny,7051524,243156,16772,28454,4.09%,-0.47,1,288382,Low Engagement
SM_100753,TikTok,image,Image,Entertainment,fr,UK,05-07-2024 00:00,#trending #tech #viral #ai #news,1214676,202446,32407,53385,23.73%,-0.37,0,288238,High Engagement
SM_101747,X,text,Text,Politics,fr,India,16-01-2024 00:00,#ai #fyp,3904500,156180,48933,83097,7.38%,0.87,1,288210,High Engagement
SM_101858,X,carousel,Carousel,Lifestyle,fr,UK,07-09-2024 00:00,#funny #fyp #trending #music #viral,6898433,237877,36500,13704,4.18%,-0.46,1,288081,Low Engagement
SM_100690,Instagram,image,Image,Sports,fr,India,16-07-2024 00:00,#ai #music,5164604,224548,18995,44180,5.57%,-0.95,1,287723,High Engagement
SM_100004,YouTube Shorts,text,Text,Education,es,US,28-03-2024 00:00,#news #ai #viral #funny #fyp,3186256,199141,5316,83105,9.03%,0.22,1,287562,High Engagement
SM_100395,YouTube Shorts,text,Text,Politics,es,US,30-12-2024 00:00,#trending #viral #news #funny #fyp,4993737,237797,3819,45894,5.76%,-0.22,1,287510,High Engagement
SM_101357,X,text,Text,Lifestyle,es,UK,26-02-2024 00:00,#ai #funny #tech #news #viral,6218904,259121,15965,11358,4.61%,-0.16,1,286444,Low Engagement
SM_101493,Instagram,text,Text,Education,fr,UK,01-03-2024 00:00,#news #viral #tech,2581790,151870,42475,92072,11.09%,-0.74,1,286417,High Engagement
SM_101227,YouTube Shorts,video,Video,Politics,fr,US,17-12-2024 00:00,#news #viral #ai #trending #fyp,3330117,158577,36391,90910,8.58%,-0.79,1,285878,High Engagement
SM_101798,X,image,Image,Entertainment,ur,Brazil,29-06-2024 00:00,#tech #ai #funny #news,2843232,236936,29414,19463,10.05%,-0.62,1,285813,High Engagement
SM_100252,X,carousel,Carousel,Sports,hi,Pakistan,18-02-2024 00:00,#ai #viral #trending,2492472,207706,47068,30679,11.45%,-0.79,1,285453,High Engagement
SM_100635,YouTube Shorts,carousel,Carousel,Sports,en,Pakistan,31-05-2024 00:00,#funny #ai,5738808,239117,21783,24265,4.97%,0.96,1,285165,Low Engagement
SM_100831,TikTok,video,Video,Entertainment,en,Pakistan,19-08-2024 00:00,#fyp #ai,4988144,178148,15047,91503,5.71%,0.65,1,284698,High Engagement
SM_101209,TikTok,image,Image,Education,hi,US,21-03-2024 00:00,#ai #fyp #tech,4036310,237430,40042,7131,7.05%,0.56,1,284603,High Engagement
SM_100440,TikTok,image,Image,Lifestyle,fr,Pakistan,18-04-2024 00:00,#fyp #trending,2621520,174768,23176,86366,10.85%,-0.75,1,284310,High Engagement
SM_100198,X,text,Text,Politics,en,India,06-08-2024 00:00,#news #music #tech #viral #fyp,3974019,189239,49381,45588,7.15%,0.06,1,284208,High Engagement
SM_101697,X,text,Text,Technology,en,India,20-07-2024 00:00,#tech #news #fyp #funny #trending,2024037,224893,37392,21576,14.02%,-0.12,1,283861,High Engagement
SM_100738,TikTok,carousel,Carousel,Education,es,Brazil,27-12-2024 00:00,#tech #funny #news,1063584,177264,10355,96159,26.68%,-0.44,0,283778,High Engagement
SM_101665,Instagram,image,Image,Sports,hi,Pakistan,01-07-2024 00:00,#news #trending #funny #ai #music,2686936,191924,8702,83050,10.56%,0.88,1,283676,High Engagement
SM_100125,TikTok,image,Image,Education,es,Brazil,28-03-2024 00:00,#trending #viral #ai #music #tech,3993330,181515,39086,62857,7.10%,0.78,1,283458,High Engagement
SM_100652,X,carousel,Carousel,Entertainment,hi,India,03-08-2024 00:00,#music #ai #trending #tech,3914199,230247,21914,30796,7.23%,0.94,1,282957,High Engagement
SM_101323,TikTok,video,Video,Sports,es,US,23-03-2024 00:00,#music #tech,5703401,196669,183,86007,4.96%,-0.7,1,282859,Low Engagement
SM_100769,X,carousel,Carousel,Lifestyle,fr,Brazil,04-11-2024 00:00,#viral #funny,2950068,245839,19609,16924,9.57%,-0.06,1,282372,High Engagement
SM_100158,Instagram,carousel,Carousel,Technology,en,Pakistan,06-02-2024 00:00,#news #trending,4162158,189189,43130,49923,6.78%,0.7,1,282242,High Engagement
SM_100597,YouTube Shorts,text,Text,Politics,en,UK,29-07-2024 00:00,#trending #music #funny #news #fyp,4791724,171133,29123,81817,5.89%,-0.07,1,282073,High Engagement
SM_100967,Instagram,image,Image,Entertainment,hi,UK,28-04-2024 00:00,#music #ai #news,1396524,232754,21844,27217,20.18%,-0.73,0,281815,High Engagement
SM_101136,X,carousel,Carousel,Education,ur,US,16-11-2024 00:00,#tech #news #ai #funny,4731408,163152,23804,94703,5.95%,0.59,1,281659,High Engagement
SM_101120,TikTok,carousel,Carousel,Sports,hi,India,03-04-2024 00:00,#funny #music #trending #ai,4302150,187050,36348,58220,6.55%,-0.24,1,281618,High Engagement
SM_101598,X,video,Video,Sports,en,US,07-03-2024 00:00,#ai #fyp #funny #trending,3343202,175958,29155,76426,8.42%,-0.73,1,281539,High Engagement
SM_101511,Instagram,image,Image,Entertainment,ur,Brazil,04-06-2024 00:00,#music #funny #fyp #ai #viral,6834159,253117,5570,22822,4.12%,-0.16,1,281509,Low Engagement
SM_100865,X,carousel,Carousel,Technology,es,UK,14-09-2024 00:00,#viral #news,3915000,217500,20457,43527,7.19%,0.25,1,281484,High Engagement
SM_101116,TikTok,video,Video,Education,ur,Pakistan,09-05-2024 00:00,#music #tech,3565460,178273,3912,99112,7.89%,0.66,1,281297,High Engagement
SM_101668,YouTube Shorts,video,Video,Sports,fr,Brazil,19-10-2024 00:00,#news #music #tech,5022336,173184,40054,68046,5.60%,-0.49,1,281284,High Engagement
SM_100373,Instagram,text,Text,Sports,fr,Pakistan,08-09-2024 00:00,#ai #trending #fyp,2796924,215148,39690,26016,10.04%,0.42,1,280854,High Engagement
SM_101414,Instagram,image,Image,Politics,en,India,04-08-2024 00:00,#fyp #music #trending #tech #ai,7433512,256328,4925,19586,3.78%,-0.51,1,280839,Low Engagement
SM_101082,YouTube Shorts,video,Video,Politics,es,US,15-04-2024 00:00,#news #viral #fyp #funny,1746724,249532,26182,4766,16.06%,-0.32,0,280480,High Engagement
SM_100881,X,image,Image,Education,ur,India,12-10-2024 00:00,#funny #music #news,4900242,213054,2605,64620,5.72%,0.25,1,280279,High Engagement
SM_101577,Instagram,image,Image,Sports,es,India,19-10-2024 00:00,#trending #viral #music #tech #news,5809524,207483,3562,69124,4.82%,0.91,1,280169,Low Engagement
SM_100826,YouTube Shorts,text,Text,Sports,es,US,23-09-2024 00:00,#fyp #news #viral #ai #music,1754874,194986,39070,45608,15.94%,-0.16,0,279664,High Engagement
SM_101299,YouTube Shorts,carousel,Carousel,Sports,ur,India,25-02-2024 00:00,#viral #ai #fyp #tech,5942883,204927,23469,51138,4.70%,-0.36,1,279534,Low Engagement
SM_101383,X,carousel,Carousel,Sports,fr,UK,28-02-2024 00:00,#funny #tech #ai,4176207,198867,27030,52983,6.68%,-0.37,1,278880,High Engagement
SM_100617,X,image,Image,Education,ur,Pakistan,21-04-2024 00:00,#news #fyp #tech #funny,6682284,238653,4084,36117,4.17%,-0.83,1,278854,Low Engagement
SM_101481,YouTube Shorts,image,Image,Politics,hi,India,27-09-2024 00:00,#fyp #tech #funny,1452573,161397,20541,96368,19.16%,-0.67,0,278306,High Engagement
SM_100686,Instagram,image,Image,Sports,en,Pakistan,07-11-2024 00:00,#funny #tech #fyp #music #viral,4956309,183567,39763,54313,5.60%,-0.36,1,277643,High Engagement
SM_101962,YouTube Shorts,video,Video,Politics,es,Pakistan,08-06-2024 00:00,#music #ai,4518500,225925,39296,12398,6.14%,0.13,1,277619,High Engagement
SM_101196,TikTok,video,Video,Politics,en,Pakistan,01-06-2024 00:00,#tech #trending #ai,3557465,187235,22399,67790,7.80%,0.78,1,277424,High Engagement
SM_101626,Instagram,carousel,Carousel,Entertainment,ur,Brazil,21-04-2024 00:00,#viral #tech #music #trending #news,5089645,175505,43043,58866,5.45%,0.05,1,277414,High Engagement
SM_100924,Instagram,video,Video,Entertainment,en,Brazil,31-07-2024 00:00,#funny #trending #tech,6835155,235695,24532,16323,4.05%,-0.97,1,276550,Low Engagement
SM_100670,Instagram,text,Text,Entertainment,hi,US,01-11-2024 00:00,#fyp #trending #music,3567518,209854,13659,52894,7.75%,0.66,1,276407,High Engagement
SM_100170,YouTube Shorts,video,Video,Technology,fr,US,04-12-2024 00:00,#ai #news #fyp #trending #funny,2330790,155386,40123,80720,11.85%,-0.72,1,276229,High Engagement
SM_100681,YouTube Shorts,carousel,Carousel,Politics,es,Brazil,09-11-2024 00:00,#ai #music #viral #funny #fyp,3420417,162877,38249,74965,8.07%,-0.57,1,276091,High Engagement
SM_101840,Instagram,image,Image,Technology,ur,UK,31-10-2024 00:00,#news #music,3448508,246322,17957,11540,8.00%,0.33,1,275819,High Engagement
SM_100602,YouTube Shorts,text,Text,Education,es,UK,28-09-2024 00:00,#music #news #tech,3403608,261816,7244,6711,8.10%,-0.21,1,275771,High Engagement
SM_100076,YouTube Shorts,carousel,Carousel,Politics,fr,US,21-06-2024 00:00,#music #news #fyp,4002854,235462,29597,10648,6.89%,-0.84,1,275707,High Engagement
SM_100129,YouTube Shorts,text,Text,Politics,en,Pakistan,07-10-2024 00:00,#ai #news #fyp #viral,3528176,220511,19875,34579,7.79%,0.12,1,274965,High Engagement
SM_101670,X,video,Video,Education,fr,Brazil,31-05-2024 00:00,#music #fyp #ai #tech #funny,4003545,190645,45814,38329,6.86%,0.65,1,274788,High Engagement
SM_100580,TikTok,image,Image,Politics,ur,US,31-07-2024 00:00,#funny #fyp,6411160,228970,31363,14290,4.28%,0.1,1,274623,Low Engagement
SM_101787,TikTok,image,Image,Lifestyle,es,US,30-01-2024 00:00,#news #trending #viral,2397200,149825,38048,86670,11.45%,-0.52,1,274543,High Engagement
SM_100576,TikTok,text,Text,Lifestyle,fr,Pakistan,11-05-2024 00:00,#trending #viral,3852862,148187,32596,93584,7.12%,-0.14,1,274367,High Engagement
SM_100673,TikTok,video,Video,Lifestyle,es,US,12-04-2024 00:00,#funny #ai,2749320,229110,34547,10652,9.98%,0.5,1,274309,High Engagement
SM_100068,Instagram,text,Text,Education,en,Pakistan,20-04-2024 00:00,#viral #trending #music #funny,1605366,178374,32640,63209,17.08%,0.86,0,274223,High Engagement
SM_100725,YouTube Shorts,video,Video,Sports,es,Pakistan,20-08-2024 00:00,#funny #viral #music,3050180,217870,36679,19338,8.98%,0.27,1,273887,High Engagement
SM_100293,Instagram,image,Image,Lifestyle,es,Pakistan,14-09-2024 00:00,#music #ai,5543424,230976,6742,36063,4.94%,0.69,1,273781,Low Engagement
SM_100840,X,image,Image,Lifestyle,hi,Brazil,20-12-2024 00:00,#trending #ai,3470192,157736,22417,93527,7.89%,0.79,1,273680,High Engagement
SM_101405,Instagram,text,Text,Politics,es,Brazil,06-11-2024 00:00,#funny #viral,1213400,242680,7104,23761,22.54%,-0.61,0,273545,High Engagement
SM_101221,Instagram,carousel,Carousel,Sports,fr,Pakistan,18-12-2024 00:00,#fyp #music #tech #news,6340328,218632,33372,21200,4.31%,0.95,1,273204,Low Engagement
SM_101257,YouTube Shorts,video,Video,Lifestyle,es,UK,23-11-2024 00:00,#ai #news #tech #trending,3155184,175288,9787,87903,8.65%,-0.67,1,272978,High Engagement
SM_100201,Instagram,carousel,Carousel,Entertainment,fr,Brazil,11-12-2024 00:00,#viral #ai #news,5144985,190555,14,82181,5.30%,0.1,1,272750,High Engagement
SM_101649,TikTok,carousel,Carousel,Sports,fr,India,22-04-2024 00:00,#news #fyp #trending,2603095,236645,13293,22399,10.46%,-0.55,1,272337,High Engagement
SM_101271,TikTok,text,Text,Technology,hi,Pakistan,26-09-2024 00:00,#music #tech #ai #trending #fyp,2544710,254471,2941,14507,10.69%,0.37,1,271919,High Engagement
SM_100821,Instagram,image,Image,Education,fr,US,01-01-2024 00:00,#trending #tech #music,3439590,229306,29966,12603,7.90%,0.5,1,271875,High Engagement
SM_100552,Instagram,video,Video,Sports,hi,US,19-12-2024 00:00,#viral #tech #news #music,2937438,209817,2028,59797,9.25%,0.24,1,271642,High Engagement
SM_100748,TikTok,text,Text,Education,hi,Brazil,14-08-2024 00:00,#news #viral,2295553,176581,48771,46155,11.83%,0.5,1,271507,High Engagement
SM_101956,TikTok,image,Image,Sports,hi,US,25-04-2024 00:00,#music #ai,3684240,204680,15334,50618,7.35%,0.04,1,270632,High Engagement
SM_100344,X,carousel,Carousel,Technology,fr,US,23-04-2024 00:00,#tech #news #fyp #trending #viral,4146142,218218,44069,7814,6.51%,-0.02,1,270101,High Engagement
SM_101746,TikTok,video,Video,Sports,hi,Brazil,15-07-2024 00:00,#viral #trending #music #fyp,4263925,170557,22049,77463,6.33%,-0.79,1,270069,High Engagement
SM_101862,TikTok,image,Image,Technology,ur,UK,14-04-2024 00:00,#news #funny #tech #music #viral,4034085,175395,26124,68372,6.69%,-0.6,1,269891,High Engagement
SM_100260,Instagram,carousel,Carousel,Education,hi,US,06-07-2024 00:00,#fyp #ai #news,1300116,216686,37614,15359,20.74%,-0.27,0,269659,High Engagement
SM_101322,TikTok,carousel,Carousel,Entertainment,fr,India,03-12-2024 00:00,#fyp #funny #tech,5140017,190371,13803,65365,5.24%,-0.23,1,269539,High Engagement
SM_101420,YouTube Shorts,carousel,Carousel,Sports,hi,Pakistan,23-04-2024 00:00,#fyp #news #ai #tech,3610112,164096,8931,96388,7.46%,0,1,269415,High Engagement
SM_101406,YouTube Shorts,carousel,Carousel,Entertainment,ur,Brazil,12-11-2024 00:00,#funny #viral #ai,5588494,242978,20467,5802,4.82%,0.29,1,269247,Low Engagement
SM_100956,YouTube Shorts,carousel,Carousel,Sports,en,Pakistan,08-09-2024 00:00,#viral #funny,1040466,173411,47669,48009,25.86%,0.55,0,269089,High Engagement
SM_101067,Instagram,video,Video,Education,es,US,26-03-2024 00:00,#news #trending #fyp #viral #music,5199795,192585,1056,75302,5.17%,0.2,1,268943,High Engagement
SM_101636,YouTube Shorts,text,Text,Sports,es,US,01-04-2024 00:00,#tech #music #viral #news #funny,4441608,164504,25406,78930,6.05%,0.62,1,268840,High Engagement
SM_100133,X,text,Text,Education,ur,Pakistan,23-04-2024 00:00,#viral #trending #fyp #news,1214612,173516,42923,52225,22.12%,0.17,0,268664,High Engagement
SM_100383,YouTube Shorts,carousel,Carousel,Education,hi,UK,08-08-2024 00:00,#music #funny #news #ai #fyp,1718346,245478,14030,8947,15.62%,-0.56,0,268455,High Engagement
SM_100613,X,carousel,Carousel,Lifestyle,fr,UK,12-06-2024 00:00,#news #ai #funny #music #fyp,2858440,219880,32999,15037,9.37%,0.64,1,267916,High Engagement
SM_100640,YouTube Shorts,image,Image,Technology,fr,US,10-02-2024 00:00,#news #ai,1851356,142412,32703,92494,14.45%,-0.9,0,267609,High Engagement
SM_100286,YouTube Shorts,text,Text,Education,hi,US,08-02-2024 00:00,#trending #tech #fyp #ai,3047799,132513,44628,90328,8.78%,0.46,1,267469,High Engagement
SM_100457,YouTube Shorts,image,Image,Lifestyle,hi,Pakistan,29-02-2024 00:00,#music #viral #fyp,3484980,193610,44316,29372,7.67%,-0.79,1,267298,High Engagement
SM_100266,X,text,Text,Technology,ur,Brazil,07-12-2024 00:00,#viral #trending #funny,893142,148857,41406,76909,29.91%,-0.46,0,267172,High Engagement
SM_101958,Instagram,carousel,Carousel,Technology,en,Brazil,10-09-2024 00:00,#music #funny #trending,2946921,128127,45776,93136,9.06%,-0.43,1,267039,High Engagement
SM_101819,YouTube Shorts,image,Image,Entertainment,ur,Pakistan,03-10-2024 00:00,#funny #viral #tech #music #trending,6516045,241335,18166,7491,4.10%,0.4,1,266992,Low Engagement
SM_100180,YouTube Shorts,text,Text,Sports,ur,India,29-02-2024 00:00,#tech #viral #funny #fyp #news,6866188,245221,16753,4622,3.88%,-0.73,1,266596,Low Engagement
SM_100778,Instagram,carousel,Carousel,Lifestyle,ur,UK,20-04-2024 00:00,#viral #fyp #news,5422950,208575,2750,55244,4.92%,-0.97,1,266569,Low Engagement
SM_100049,TikTok,video,Video,Technology,ur,US,14-02-2024 00:00,#funny #viral #trending #ai #tech,1098930,219786,35158,11112,24.21%,0.35,0,266056,High Engagement
SM_100847,X,image,Image,Education,en,US,20-08-2024 00:00,#trending #news #ai #fyp,5491775,219671,13427,32921,4.84%,0.12,1,266019,Low Engagement
SM_100120,Instagram,image,Image,Sports,en,US,01-03-2024 00:00,#funny #music #viral #fyp,2608397,237127,1172,27193,10.18%,-0.82,1,265492,High Engagement
SM_100511,Instagram,video,Video,Technology,ur,UK,22-02-2024 00:00,#fyp #trending,2643228,220269,24822,20282,10.04%,-0.08,1,265373,High Engagement
SM_101674,Instagram,video,Video,Technology,es,UK,06-07-2024 00:00,#music #news #viral,731075,146215,41851,77262,36.29%,0.93,0,265328,High Engagement
SM_100427,X,video,Video,Education,fr,India,27-05-2024 00:00,#trending #funny #viral #news #ai,2241584,140099,28149,96547,11.81%,-0.97,1,264795,High Engagement
SM_100470,YouTube Shorts,image,Image,Technology,es,India,19-03-2024 00:00,#trending #music #news #ai,1683846,187094,48236,29302,15.72%,0.47,0,264632,High Engagement
SM_101115,Instagram,video,Video,Technology,hi,US,04-08-2024 00:00,#trending #funny,1611909,179101,9348,76174,16.42%,-0.86,0,264623,High Engagement
SM_100859,X,text,Text,Politics,ur,Pakistan,05-01-2024 00:00,#viral #fyp #trending,1591340,159134,19361,85843,16.61%,0.09,0,264338,High Engagement
SM_101337,X,carousel,Carousel,Education,ur,Brazil,23-03-2024 00:00,#news #tech #viral #music,1053516,175586,15479,72574,25.02%,-0.87,0,263639,High Engagement
SM_101605,TikTok,carousel,Carousel,Politics,ur,UK,25-08-2024 00:00,#trending #music,4649710,178835,355,83849,5.66%,0.28,1,263039,High Engagement
SM_100421,YouTube Shorts,text,Text,Entertainment,fr,UK,31-05-2024 00:00,#fyp #ai #tech #music #viral,1183176,197196,39887,25924,22.23%,-0.19,0,263007,High Engagement
SM_101205,YouTube Shorts,image,Image,Politics,es,India,04-05-2024 00:00,#news #tech #viral,789265,157853,23993,81007,33.30%,-0.2,0,262853,High Engagement
SM_101869,X,video,Video,Entertainment,en,India,22-10-2024 00:00,#ai #music #fyp,4142118,243654,15192,3986,6.35%,0.08,1,262832,High Engagement
SM_100911,X,text,Text,Politics,es,Pakistan,04-09-2024 00:00,#trending #tech #funny #fyp,4478916,172266,36417,54123,5.87%,-0.94,1,262806,High Engagement
SM_101327,YouTube Shorts,image,Image,Technology,hi,Brazil,23-08-2024 00:00,#viral #tech,3366257,146359,25796,90437,7.80%,-0.2,1,262592,High Engagement
SM_101186,YouTube Shorts,image,Image,Sports,hi,US,12-04-2024 00:00,#trending #ai #fyp #viral #news,3983196,142257,30569,89746,6.59%,-0.32,1,262572,High Engagement
SM_101610,YouTube Shorts,video,Video,Sports,ur,UK,09-11-2024 00:00,#fyp #music #ai #tech,1564178,223454,14021,25023,16.78%,0.08,0,262498,High Engagement
SM_101308,TikTok,video,Video,Sports,hi,Pakistan,12-04-2024 00:00,#viral #news,5195263,179147,1467,81442,5.04%,0.11,1,262056,High Engagement
SM_100656,Instagram,image,Image,Sports,hi,US,01-10-2024 00:00,#news #viral,1897700,135550,40588,85372,13.78%,0.94,0,261510,High Engagement
SM_101837,Instagram,image,Image,Technology,fr,Pakistan,23-04-2024 00:00,#ai #fyp #news #music #funny,1289600,161200,45499,54647,20.27%,0.7,0,261346,High Engagement
SM_100363,TikTok,image,Image,Entertainment,ur,Pakistan,23-04-2024 00:00,#tech #fyp,2898270,193218,41130,26144,8.99%,0.39,1,260492,High Engagement
SM_101847,X,carousel,Carousel,Politics,en,India,27-11-2024 00:00,#viral #trending #fyp #music #funny,3498390,166590,46373,47086,7.43%,0.98,1,260049,High Engagement
SM_101505,X,carousel,Carousel,Technology,hi,Pakistan,10-08-2024 00:00,#funny #viral,1895392,236924,19408,3682,13.72%,0.26,0,260014,High Engagement
SM_100898,TikTok,carousel,Carousel,Entertainment,ur,Brazil,18-11-2024 00:00,#funny #trending #ai #news,2803680,233640,5044,21282,9.27%,-0.29,1,259966,High Engagement
SM_101231,X,text,Text,Politics,es,US,11-09-2024 00:00,#trending #fyp,2702462,193033,11355,55513,9.62%,0.46,1,259901,High Engagement
SM_101815,TikTok,image,Image,Sports,fr,India,06-07-2024 00:00,#tech #viral #fyp,1130010,226002,21635,12179,22.99%,0.43,0,259816,High Engagement
SM_100124,Instagram,carousel,Carousel,Sports,ur,UK,25-03-2024 00:00,#viral #music #trending #funny #ai,2241404,203764,11521,44262,11.58%,-0.15,1,259547,High Engagement
SM_101282,Instagram,image,Image,Entertainment,es,Pakistan,11-10-2024 00:00,#viral #ai,1031755,206351,9948,43241,25.16%,-0.18,0,259540,High Engagement
SM_100790,Instagram,text,Text,Lifestyle,ur,UK,26-08-2024 00:00,#music #viral #tech #funny #news,4026099,138831,43374,77241,6.44%,0.56,1,259446,High Engagement
SM_100603,Instagram,video,Video,Education,fr,US,02-03-2024 00:00,#news #ai #trending,4821410,219155,2290,37992,5.38%,-0.68,1,259437,High Engagement
SM_100868,X,carousel,Carousel,Technology,es,India,10-04-2024 00:00,#funny #viral #fyp #news #trending,1356777,150753,48697,59723,19.10%,-0.29,0,259173,High Engagement
SM_100310,TikTok,text,Text,Lifestyle,fr,US,14-01-2024 00:00,#news #trending #funny,3192770,187810,40975,29758,8.10%,0.98,1,258543,High Engagement
SM_101464,YouTube Shorts,text,Text,Politics,fr,US,11-02-2024 00:00,#ai #trending #funny #viral,2259922,161423,12378,84524,11.43%,0.84,1,258325,High Engagement
SM_100347,X,carousel,Carousel,Technology,en,Pakistan,25-04-2024 00:00,#trending #ai,3196950,213130,3347,41847,8.08%,-0.56,1,258324,High Engagement
SM_100663,Instagram,text,Text,Entertainment,es,Brazil,08-11-2024 00:00,#fyp #music #tech,2367612,182124,5468,70449,10.90%,0.64,1,258041,High Engagement
SM_100782,X,carousel,Carousel,Technology,es,US,28-09-2024 00:00,#viral #tech #trending #fyp #ai,2055240,186840,20968,50125,12.55%,0.76,1,257933,High Engagement
SM_100469,YouTube Shorts,video,Video,Sports,es,US,11-10-2024 00:00,#funny #viral #news #fyp,2412742,141926,34452,81438,10.69%,-0.76,1,257816,High Engagement
SM_100314,Instagram,text,Text,Entertainment,es,India,27-12-2024 00:00,#music #trending #fyp #funny,4439344,158548,43518,55555,5.80%,-0.3,1,257621,High Engagement
SM_100755,Instagram,image,Image,Entertainment,hi,US,31-08-2024 00:00,#funny #trending #fyp #tech #viral,4856409,179867,44457,32442,5.29%,-0.01,1,256766,High Engagement
SM_100030,YouTube Shorts,carousel,Carousel,Lifestyle,ur,Pakistan,29-01-2024 00:00,#music #funny #tech #trending #fyp,3794977,164999,16203,75451,6.76%,-0.68,1,256653,High Engagement
SM_100406,Instagram,image,Image,Entertainment,es,India,10-02-2024 00:00,#ai #news #trending #tech,1956465,217385,10729,28405,13.11%,-0.79,0,256519,High Engagement
SM_100221,YouTube Shorts,image,Image,Sports,fr,India,08-02-2024 00:00,#trending #news #ai #funny #fyp,2632994,154882,29491,71908,9.73%,-0.75,1,256281,High Engagement
SM_100261,TikTok,image,Image,Politics,ur,UK,14-08-2024 00:00,#fyp #music,2080900,208090,14601,33573,12.32%,0.55,1,256264,High Engagement
SM_101895,Instagram,carousel,Carousel,Technology,es,UK,26-11-2024 00:00,#fyp #music #funny #tech #trending,2945196,163622,18902,73705,8.70%,-0.43,1,256229,High Engagement
SM_101142,Instagram,image,Image,Sports,es,Brazil,06-08-2024 00:00,#fyp #music #trending #ai,2350875,156725,38970,60411,10.89%,-0.16,1,256106,High Engagement
SM_101447,YouTube Shorts,video,Video,Sports,hi,US,06-04-2024 00:00,#funny #music,1882683,209187,34183,12666,13.60%,0.41,0,256036,High Engagement
SM_100454,X,video,Video,Politics,es,Pakistan,04-04-2024 00:00,#music #funny #viral,4593165,158385,39425,57785,5.56%,0.98,1,255595,High Engagement
SM_101149,Instagram,image,Image,Technology,en,Brazil,24-04-2024 00:00,#funny #tech #news #ai #fyp,3830880,191544,25100,38725,6.67%,-0.61,1,255369,High Engagement
SM_101989,TikTok,carousel,Carousel,Sports,hi,India,02-04-2024 00:00,#news #fyp #music #tech,1354977,150553,47788,55674,18.75%,0.53,0,254015,High Engagement
SM_100471,YouTube Shorts,video,Video,Lifestyle,en,UK,28-05-2024 00:00,#fyp #funny,5622607,193883,41328,18753,4.52%,0.34,1,253964,Low Engagement
SM_100679,TikTok,video,Video,Education,hi,Brazil,08-04-2024 00:00,#ai #music #news #funny #fyp,4718805,224705,6444,22786,5.38%,0.39,1,253935,High Engagement
SM_100441,YouTube Shorts,image,Image,Sports,es,Pakistan,07-03-2024 00:00,#fyp #music #ai #news,2980287,175311,48718,29735,8.51%,-0.63,1,253764,High Engagement
SM_101549,X,text,Text,Sports,ur,UK,07-04-2024 00:00,#viral #ai,1571136,196392,7842,49356,16.14%,0.21,0,253590,High Engagement
SM_100397,YouTube Shorts,video,Video,Sports,ur,US,06-02-2024 00:00,#ai #trending #music #tech #funny,4058096,144932,21932,86476,6.24%,-0.21,1,253340,High Engagement
SM_101512,X,carousel,Carousel,Lifestyle,hi,Brazil,14-11-2024 00:00,#ai #fyp #music,2258652,205332,47167,836,11.22%,-0.49,1,253335,High Engagement
SM_101528,TikTok,video,Video,Lifestyle,hi,Pakistan,12-06-2024 00:00,#funny #trending,2521764,210147,19127,23957,10.04%,-0.75,1,253231,High Engagement
SM_101952,X,image,Image,Lifestyle,fr,US,09-04-2024 00:00,#viral #trending,2152618,165586,16147,71493,11.76%,-0.77,1,253226,High Engagement
SM_101972,YouTube Shorts,text,Text,Sports,fr,US,27-06-2024 00:00,#news #ai,5306340,204090,806,47966,4.77%,-0.57,1,252862,Low Engagement
SM_100119,X,video,Video,Sports,es,India,29-02-2024 00:00,#ai #news,3026880,126120,37264,89113,8.34%,0.35,1,252497,High Engagement
SM_100080,YouTube Shorts,carousel,Carousel,Technology,ur,Pakistan,12-09-2024 00:00,#music #ai #trending #fyp #viral,3249012,124962,33626,93849,7.77%,0.18,1,252437,High Engagement
SM_101351,YouTube Shorts,image,Image,Education,ur,India,06-10-2024 00:00,#ai #funny #trending #tech,3314094,174426,24332,53635,7.62%,0.73,1,252393,High Engagement
SM_101478,YouTube Shorts,image,Image,Lifestyle,fr,US,09-11-2024 00:00,#funny #tech,4683866,212903,27694,11155,5.37%,-0.09,1,251752,High Engagement
SM_101360,TikTok,video,Video,Entertainment,fr,Brazil,22-10-2024 00:00,#music #ai #tech #funny,4571850,182874,36998,31876,5.51%,0.32,1,251748,High Engagement
SM_101976,Instagram,carousel,Carousel,Entertainment,en,Brazil,30-05-2024 00:00,#news #funny #tech #viral,2663640,177576,19574,54438,9.45%,-0.68,1,251588,High Engagement
SM_101675,X,carousel,Carousel,Entertainment,en,India,28-05-2024 00:00,#trending #funny #music #news,1105200,184200,37388,29484,22.72%,0.59,0,251072,High Engagement
SM_101226,X,video,Video,Education,en,Brazil,24-09-2024 00:00,#fyp #music #trending #news #viral,3123515,135805,17309,97821,8.03%,-0.85,1,250935,High Engagement
SM_101043,YouTube Shorts,carousel,Carousel,Sports,es,US,25-02-2024 00:00,#viral #news,4864300,194572,26915,29438,5.16%,0.75,1,250925,High Engagement
SM_101561,X,carousel,Carousel,Sports,fr,Brazil,14-06-2024 00:00,#viral #news,4066968,169457,9224,71847,6.16%,-0.35,1,250528,High Engagement
SM_100650,Instagram,video,Video,Entertainment,ur,US,26-07-2024 00:00,#music #viral #ai,1457390,145739,14873,89907,17.19%,0.18,0,250519,High Engagement
SM_101429,TikTok,carousel,Carousel,Entertainment,en,US,11-06-2024 00:00,#tech #news #funny #fyp,4871854,187379,29084,33981,5.14%,-0.21,1,250444,High Engagement
SM_100042,TikTok,video,Video,Lifestyle,en,India,06-03-2024 00:00,#tech #news,1778890,177889,21561,50860,14.07%,-0.52,0,250310,High Engagement
SM_101079,X,text,Text,Entertainment,fr,Pakistan,21-04-2024 00:00,#trending #music #funny #tech #fyp,3089136,193071,12397,44725,8.10%,-0.18,1,250193,High Engagement
SM_100368,YouTube Shorts,carousel,Carousel,Education,hi,Brazil,03-01-2024 00:00,#tech #funny #ai,973275,194655,49158,6369,25.71%,0.77,0,250182,High Engagement
SM_100797,Instagram,carousel,Carousel,Technology,en,India,13-01-2024 00:00,#tech #viral #news #trending #music,3955425,158217,44774,47119,6.32%,0.93,1,250110,High Engagement
SM_101720,X,image,Image,Education,es,Brazil,24-03-2024 00:00,#ai #news #fyp,3146240,157312,12036,80665,7.95%,-0.91,1,250013,High Engagement
SM_100537,X,text,Text,Technology,en,UK,02-10-2024 00:00,#viral #funny #music #news,2964570,156030,48694,44639,8.41%,0.01,1,249363,High Engagement
SM_100356,Instagram,text,Text,Politics,es,Pakistan,29-10-2024 00:00,#viral #fyp #funny #trending #news,4824000,192960,17348,38828,5.16%,0.82,1,249136,High Engagement
SM_101078,X,text,Text,Education,ur,US,22-12-2024 00:00,#fyp #viral #ai #trending #funny,4586526,218406,19743,10704,5.43%,-0.99,1,248853,High Engagement
SM_100735,YouTube Shorts,carousel,Carousel,Education,ur,India,13-07-2024 00:00,#trending #tech,5025523,218501,2097,28221,4.95%,0.05,1,248819,Low Engagement
SM_100883,TikTok,carousel,Carousel,Politics,es,UK,20-04-2024 00:00,#ai #tech #viral,2980628,212902,34515,1307,8.34%,-0.1,1,248724,High Engagement
SM_101943,X,text,Text,Technology,hi,India,12-01-2024 00:00,#viral #ai #music #tech,1612369,146579,29314,71919,15.37%,-0.06,0,247812,High Engagement
SM_101635,X,video,Video,Entertainment,en,US,30-05-2024 00:00,#news #fyp #tech,1687000,168700,13441,65603,14.69%,0.16,0,247744,High Engagement
SM_100523,Instagram,image,Image,Lifestyle,es,US,31-01-2024 00:00,#viral #fyp #ai,3753576,208532,32130,6980,6.60%,-0.86,1,247642,High Engagement
SM_101924,TikTok,carousel,Carousel,Sports,fr,UK,31-03-2024 00:00,#funny #fyp #viral #music,4033484,144053,9592,93801,6.13%,-0.14,1,247446,High Engagement
SM_100434,Instagram,image,Image,Sports,fr,US,22-07-2024 00:00,#music #news #trending,2842800,189520,24601,33175,8.70%,-0.99,1,247296,High Engagement
SM_100247,Instagram,image,Image,Entertainment,hi,US,10-03-2024 00:00,#tech #news,3441283,149621,33541,64078,7.18%,-0.09,1,247240,High Engagement
SM_101725,Instagram,carousel,Carousel,Sports,es,US,04-03-2024 00:00,#fyp #viral #music #tech,2309728,144358,16464,86247,10.70%,-0.57,1,247069,High Engagement
SM_101063,X,video,Video,Education,hi,Brazil,25-11-2024 00:00,#funny #news #fyp,4062240,156240,196,90611,6.08%,-0.83,1,247047,High Engagement
SM_100196,Instagram,carousel,Carousel,Education,es,US,20-02-2024 00:00,#tech #music,2820432,235036,851,10955,8.75%,-0.05,1,246842,High Engagement
SM_101825,YouTube Shorts,video,Video,Education,en,US,14-12-2024 00:00,#funny #ai #trending,1479096,164344,18110,64341,16.69%,-0.94,0,246795,High Engagement
SM_101773,X,carousel,Carousel,Sports,en,UK,01-09-2024 00:00,#news #funny #tech #fyp,3522508,160114,29064,57558,7.00%,-0.78,1,246736,High Engagement
SM_101426,Instagram,video,Video,Sports,en,UK,29-09-2024 00:00,#viral #fyp,4532388,161871,47696,37041,5.44%,-0.32,1,246608,High Engagement
SM_101659,YouTube Shorts,carousel,Carousel,Lifestyle,fr,UK,23-10-2024 00:00,#fyp #news #funny,3036708,168706,37965,39391,8.10%,-0.32,1,246062,High Engagement
SM_100594,YouTube Shorts,carousel,Carousel,Technology,ur,Pakistan,22-04-2024 00:00,#fyp #ai #trending,4945848,206077,9288,30574,4.97%,0.04,1,245939,Low Engagement
SM_100619,TikTok,text,Text,Lifestyle,ur,Brazil,29-03-2024 00:00,#news #trending,3047370,203158,13235,29010,8.05%,0.3,1,245403,High Engagement
SM_100624,X,image,Image,Technology,en,US,30-03-2024 00:00,#tech #ai #news #viral,5034636,186468,21452,36599,4.86%,-0.85,1,244519,Low Engagement
SM_101168,X,carousel,Carousel,Entertainment,ur,India,12-05-2024 00:00,#tech #ai #trending #funny #music,3131694,164826,26632,52551,7.79%,0.64,1,244009,High Engagement
SM_101433,X,carousel,Carousel,Lifestyle,fr,UK,06-09-2024 00:00,#ai #music #news #tech #funny,895430,179086,19102,45255,27.19%,0.5,0,243443,High Engagement
SM_101851,Instagram,text,Text,Technology,hi,Brazil,10-12-2024 00:00,#music #ai #news,2551176,212598,18812,11768,9.53%,-0.37,1,243178,High Engagement
SM_101112,YouTube Shorts,image,Image,Entertainment,fr,US,09-08-2024 00:00,#news #trending #viral,2989900,149495,18024,75427,8.13%,-0.91,1,242946,High Engagement
SM_101504,TikTok,image,Image,Technology,es,UK,18-05-2024 00:00,#viral #fyp #funny,3155980,157799,15203,69522,7.68%,0.44,1,242524,High Engagement
SM_101466,TikTok,video,Video,Education,es,US,20-08-2024 00:00,#viral #trending,3927924,140283,38455,63754,6.17%,0.95,1,242492,High Engagement
SM_101114,YouTube Shorts,image,Image,Entertainment,en,India,19-03-2024 00:00,#viral #funny #trending #fyp,1352992,169124,35175,37664,17.88%,-0.17,0,241963,High Engagement
SM_101865,TikTok,video,Video,Entertainment,en,UK,25-02-2024 00:00,#news #viral #trending #funny,2974713,141653,33739,66426,8.13%,-0.93,1,241818,High Engagement
SM_100908,Instagram,image,Image,Technology,en,Pakistan,20-02-2024 00:00,#music #news #ai #fyp #viral,1571391,174599,28278,38507,15.36%,0.57,0,241384,High Engagement
SM_101932,YouTube Shorts,video,Video,Sports,ur,Brazil,17-07-2024 00:00,#funny #music #fyp,906108,129444,11765,99251,26.54%,-0.38,0,240460,High Engagement
SM_100996,X,image,Image,Sports,ur,India,23-12-2024 00:00,#music #tech,2323698,178746,25520,36183,10.35%,0.29,1,240449,High Engagement
SM_101459,X,video,Video,Sports,fr,India,19-05-2024 00:00,#trending #viral #funny,1282496,160312,9332,70664,18.74%,-0.83,0,240308,High Engagement
SM_100091,X,video,Video,Entertainment,hi,US,14-07-2024 00:00,#fyp #ai #viral #trending #funny,2065008,187728,49017,3344,11.63%,0.31,1,240089,High Engagement
SM_101310,TikTok,image,Image,Sports,ur,Pakistan,15-02-2024 00:00,#fyp #ai,1923082,137363,17903,84519,12.47%,0.55,0,239785,High Engagement
SM_100279,X,video,Video,Entertainment,es,India,15-10-2024 00:00,#news #ai,931380,155230,45425,38891,25.72%,0.25,0,239546,High Engagement
SM_101527,YouTube Shorts,image,Image,Technology,ur,UK,05-09-2024 00:00,#music #trending #funny,1152400,115240,44926,79370,20.79%,-0.3,0,239536,High Engagement
SM_101548,TikTok,text,Text,Lifestyle,fr,US,12-03-2024 00:00,#ai #news,1619024,202378,24104,12717,14.77%,0.96,0,239199,High Engagement
SM_101497,Instagram,carousel,Carousel,Entertainment,en,India,19-06-2024 00:00,#viral #trending #music,3406440,141935,3913,93110,7.01%,-0.22,1,238958,High Engagement
SM_101555,Instagram,carousel,Carousel,Lifestyle,ur,India,29-02-2024 00:00,#trending #music #fyp #news #ai,1640111,149101,1075,88443,14.55%,0.02,0,238619,High Engagement
SM_101781,YouTube Shorts,image,Image,Technology,hi,UK,31-07-2024 00:00,#news #fyp #tech,1088199,120911,17563,99469,21.87%,-0.49,0,237943,High Engagement
SM_100555,TikTok,carousel,Carousel,Entertainment,en,US,13-10-2024 00:00,#tech #fyp,2861256,119219,23230,95287,8.31%,0.12,1,237736,High Engagement
SM_101010,X,video,Video,Technology,en,Brazil,26-12-2024 00:00,#viral #ai #news,4696920,173960,16853,46831,5.06%,0.24,1,237644,High Engagement
SM_100812,YouTube Shorts,carousel,Carousel,Technology,en,Pakistan,23-10-2024 00:00,#ai #music,1868448,155704,18606,63228,12.71%,0.7,0,237538,High Engagement
SM_100961,YouTube Shorts,image,Image,Education,es,UK,03-11-2024 00:00,#trending #ai #tech,3504522,166882,34698,35741,6.77%,-0.48,1,237321,High Engagement
SM_101425,YouTube Shorts,carousel,Carousel,Technology,ur,Pakistan,06-09-2024 00:00,#music #trending #viral #ai,1766548,126182,47558,63457,13.43%,0.11,0,237197,High Engagement
SM_100181,TikTok,image,Image,Technology,hi,India,21-12-2024 00:00,#viral #fyp #trending #ai #music,2453292,136294,18035,82839,9.67%,0.5,1,237168,High Engagement
SM_100856,YouTube Shorts,text,Text,Sports,es,Pakistan,27-04-2024 00:00,#music #fyp #ai #news #funny,2859714,129987,33924,73156,8.29%,-0.97,1,237067,High Engagement
SM_100225,Instagram,video,Video,Politics,en,Pakistan,11-08-2024 00:00,#viral #news #music,1956450,130430,34889,71316,12.10%,0.92,0,236635,High Engagement
SM_100593,YouTube Shorts,carousel,Carousel,Entertainment,en,Brazil,31-01-2024 00:00,#fyp #ai #viral #tech #music,2098866,190806,34627,10801,11.26%,0.74,1,236234,High Engagement
SM_101558,Instagram,carousel,Carousel,Education,fr,US,31-10-2024 00:00,#tech #funny #fyp #trending,1585680,198210,21670,16199,14.89%,-0.82,0,236079,High Engagement
SM_101015,TikTok,text,Text,Technology,hi,Brazil,18-06-2024 00:00,#trending #ai #fyp,2811942,200853,32106,2776,8.38%,-0.85,1,235735,High Engagement
SM_100694,X,text,Text,Politics,hi,Brazil,19-04-2024 00:00,#fyp #trending,733400,91675,48618,95041,32.09%,-0.67,0,235334,High Engagement
SM_101029,TikTok,text,Text,Education,hi,Brazil,31-07-2024 00:00,#trending #tech,2210442,170034,21163,43857,10.63%,0.88,1,235054,High Engagement
SM_101690,Instagram,carousel,Carousel,Technology,ur,UK,04-07-2024 00:00,#fyp #ai #viral,4230160,192280,40639,2014,5.55%,-0.31,1,234933,High Engagement
SM_100101,X,video,Video,Politics,en,UK,26-06-2024 00:00,#ai #news #tech #music #fyp,2275296,94804,49120,91008,10.33%,0.15,1,234932,High Engagement
SM_100230,TikTok,carousel,Carousel,Sports,es,US,18-03-2024 00:00,#news #tech #fyp #trending #music,2741424,195816,38732,127,8.56%,0.54,1,234675,High Engagement
SM_101276,X,video,Video,Technology,hi,Pakistan,03-01-2024 00:00,#tech #funny #ai #viral #fyp,4274060,152645,2036,79824,5.49%,-0.37,1,234505,High Engagement
SM_101913,TikTok,carousel,Carousel,Lifestyle,es,Pakistan,14-04-2024 00:00,#music #ai #fyp #tech #trending,4887932,174569,37914,21353,4.78%,0.18,1,233836,Low Engagement
SM_101132,Instagram,image,Image,Entertainment,es,UK,10-07-2024 00:00,#tech #funny #viral #ai,2606288,162893,13709,56636,8.95%,0.32,1,233238,High Engagement
SM_100408,Instagram,text,Text,Politics,fr,Brazil,09-08-2024 00:00,#music #trending,997374,166229,1244,65662,23.37%,-0.35,0,233135,High Engagement
SM_100937,YouTube Shorts,carousel,Carousel,Entertainment,ur,India,29-11-2024 00:00,#music #fyp #tech,3744500,187225,1925,43938,6.22%,0.89,1,233088,High Engagement
SM_101669,YouTube Shorts,carousel,Carousel,Lifestyle,ur,Brazil,24-10-2024 00:00,#fyp #funny #ai #music,2270785,119515,49838,63645,10.26%,-0.25,1,232998,High Engagement
SM_100611,X,carousel,Carousel,Lifestyle,en,Brazil,22-02-2024 00:00,#funny #viral #tech,1784133,198237,26175,8439,13.05%,0.12,0,232851,High Engagement
SM_100896,TikTok,carousel,Carousel,Politics,fr,Pakistan,26-02-2024 00:00,#tech #news #music #fyp,4076688,194128,28332,10279,5.71%,0.64,1,232739,High Engagement
SM_101004,X,text,Text,Sports,es,UK,29-02-2024 00:00,#trending #viral #music #news,2947184,184199,23994,24520,7.90%,-0.29,1,232713,High Engagement
SM_101361,YouTube Shorts,video,Video,Education,fr,UK,05-12-2024 00:00,#viral #funny #news #trending #ai,1182027,107457,48522,76369,19.66%,0.69,0,232348,High Engagement
SM_100669,Instagram,video,Video,Entertainment,en,US,14-06-2024 00:00,#fyp #trending #funny,1757349,195261,33760,3322,13.22%,-1,0,232343,High Engagement
SM_101873,Instagram,carousel,Carousel,Sports,ur,India,29-03-2024 00:00,#viral #music #news,2267122,103051,42775,86339,10.24%,-0.28,1,232165,High Engagement
SM_100148,TikTok,video,Video,Sports,en,India,27-04-2024 00:00,#fyp #trending #viral,845320,169064,1020,61814,27.43%,-0.04,0,231898,High Engagement
SM_100710,Instagram,image,Image,Politics,en,Pakistan,09-06-2024 00:00,#news #music,3152583,150123,1312,80389,7.35%,0.42,1,231824,High Engagement
SM_101776,X,text,Text,Technology,ur,Pakistan,19-01-2024 00:00,#news #funny #ai,2110932,117274,15362,98866,10.97%,-0.03,1,231502,High Engagement
SM_101446,X,carousel,Carousel,Education,ur,Pakistan,28-03-2024 00:00,#viral #tech #news,1386504,154056,17204,60039,16.68%,-0.64,0,231299,High Engagement
SM_101418,TikTok,video,Video,Education,es,UK,17-10-2024 00:00,#music #fyp #news,2314000,115700,35094,79402,9.95%,-0.4,1,230196,High Engagement
SM_100666,TikTok,carousel,Carousel,Sports,en,UK,13-04-2024 00:00,#trending #ai #viral #tech #fyp,2746044,152558,17745,59519,8.37%,-0.67,1,229822,High Engagement
SM_100378,TikTok,image,Image,Technology,es,Pakistan,07-04-2024 00:00,#news #ai,3392912,212057,7184,10327,6.77%,-0.68,1,229568,High Engagement
SM_101677,TikTok,text,Text,Technology,en,UK,23-07-2024 00:00,#trending #news,982933,140419,23845,65150,23.34%,-0.8,0,229414,High Engagement
SM_100453,YouTube Shorts,text,Text,Sports,es,US,15-07-2024 00:00,#fyp #funny,2473905,164927,40395,23712,9.26%,-0.54,1,229034,High Engagement
SM_101703,Instagram,carousel,Carousel,Politics,hi,Pakistan,26-09-2024 00:00,#news #trending,4075596,145557,17066,65642,5.60%,0.19,1,228265,High Engagement
SM_100700,YouTube Shorts,video,Video,Politics,es,India,19-08-2024 00:00,#music #trending #funny #fyp #tech,3448399,202847,6349,18801,6.61%,0.21,1,227997,High Engagement
SM_100071,Instagram,text,Text,Politics,en,Pakistan,22-07-2024 00:00,#viral #fyp #news #music,5263732,181508,19783,26642,4.33%,-0.21,1,227933,Low Engagement
SM_100323,TikTok,image,Image,Education,ur,India,14-12-2024 00:00,#viral #tech #news #music,3364372,152926,3977,70832,6.77%,-0.84,1,227735,High Engagement
SM_101398,X,text,Text,Politics,hi,UK,30-07-2024 00:00,#trending #tech #fyp,2347853,138109,39891,49700,9.70%,0.71,1,227700,High Engagement
SM_101247,YouTube Shorts,carousel,Carousel,Education,hi,Pakistan,28-04-2024 00:00,#fyp #tech #viral,1879965,208885,10851,7934,12.11%,-0.98,0,227670,High Engagement
SM_101849,TikTok,text,Text,Sports,en,Pakistan,01-04-2024 00:00,#ai #funny #trending #music,4163019,198239,5486,23933,5.47%,0.1,1,227658,High Engagement
SM_100927,Instagram,carousel,Carousel,Technology,es,UK,24-09-2024 00:00,#viral #funny #news #music #tech,4637200,185488,5525,36456,4.91%,0.44,1,227469,Low Engagement
SM_100013,YouTube Shorts,video,Video,Technology,ur,India,07-05-2024 00:00,#viral #trending #music #tech,3782438,171929,9697,45759,6.01%,0.55,1,227385,High Engagement
SM_101612,X,text,Text,Politics,en,Pakistan,04-05-2024 00:00,#funny #news #ai,798948,133158,10947,82995,28.42%,0.65,0,227100,High Engagement
SM_101502,TikTok,image,Image,Technology,es,US,22-03-2024 00:00,#tech #music #funny #ai,1993556,104924,33427,88742,11.39%,-0.87,0,227093,High Engagement
SM_101095,YouTube Shorts,carousel,Carousel,Technology,ur,India,24-11-2024 00:00,#fyp #funny #news #tech,1986780,165565,10961,50043,11.40%,-0.41,0,226569,High Engagement
SM_100428,TikTok,carousel,Carousel,Entertainment,es,Brazil,20-11-2024 00:00,#viral #tech #news #music,1978812,109934,39783,76744,11.44%,0.29,0,226461,High Engagement
SM_101469,YouTube Shorts,image,Image,Sports,es,Pakistan,06-11-2024 00:00,#news #music #funny #fyp #tech,1846978,131927,39268,55088,12.25%,-0.61,0,226283,High Engagement
SM_100439,YouTube Shorts,carousel,Carousel,Education,fr,India,11-09-2024 00:00,#funny #trending #music #fyp #viral,2686178,122099,49262,54692,8.42%,-0.2,1,226053,High Engagement
SM_101897,X,image,Image,Sports,hi,Pakistan,28-07-2024 00:00,#music #tech #fyp,4896824,168856,23189,33366,4.60%,-0.19,1,225411,Low Engagement
SM_101933,X,image,Image,Sports,ur,Brazil,27-06-2024 00:00,#tech #funny #music #trending,4453072,171272,4949,48826,5.05%,-0.26,1,225047,High Engagement
SM_101575,TikTok,video,Video,Education,en,UK,26-04-2024 00:00,#viral #trending #fyp,3172045,137915,37944,48774,7.08%,-0.18,1,224633,High Engagement
SM_100671,TikTok,text,Text,Lifestyle,es,UK,30-12-2024 00:00,#viral #fyp #ai,2968504,134932,22195,67412,7.56%,-0.49,1,224539,High Engagement
SM_101758,YouTube Shorts,text,Text,Education,ur,Brazil,25-05-2024 00:00,#tech #trending #news,1628315,125255,23540,75537,13.78%,-0.01,0,224332,High Engagement
SM_101501,YouTube Shorts,text,Text,Lifestyle,en,Brazil,21-03-2024 00:00,#fyp #trending #news #music #funny,2618964,113868,19561,90880,8.56%,-0.59,1,224309,High Engagement
SM_101671,TikTok,text,Text,Education,fr,India,28-04-2024 00:00,#viral #fyp #music #news,4540821,197427,79,26499,4.93%,0.74,1,224005,Low Engagement
SM_100858,Instagram,carousel,Carousel,Entertainment,fr,India,17-03-2024 00:00,#tech #ai #viral,4903659,181617,4774,37565,4.57%,-0.53,1,223956,Low Engagement
SM_101927,X,image,Image,Entertainment,fr,Brazil,19-05-2024 00:00,#fyp #viral #tech,4533543,167909,31896,24125,4.94%,-0.39,1,223930,Low Engagement
SM_100598,YouTube Shorts,text,Text,Lifestyle,en,Brazil,13-03-2024 00:00,#news #viral #tech #ai #music,2437722,174123,25648,23649,9.17%,0,1,223420,High Engagement
SM_101412,Instagram,text,Text,Technology,es,Pakistan,21-06-2024 00:00,#tech #news #music #fyp #ai,1825470,182547,20911,19573,12.22%,-0.6,0,223031,High Engagement
SM_100436,YouTube Shorts,text,Text,Lifestyle,es,US,18-05-2024 00:00,#viral #ai #news #trending #fyp,3501950,140078,36919,45380,6.35%,-0.04,1,222377,High Engagement
SM_100741,X,image,Image,Technology,en,UK,15-05-2024 00:00,#funny #ai #tech,3833625,153345,33209,35597,5.79%,-0.57,1,222151,High Engagement
SM_101891,Instagram,carousel,Carousel,Education,fr,Pakistan,13-07-2024 00:00,#ai #news #tech #trending #music,3566766,169846,34494,17734,6.23%,0.12,1,222074,High Engagement
SM_101866,X,text,Text,Lifestyle,en,India,25-09-2024 00:00,#tech #trending #viral #ai,1150270,104570,28210,88888,19.27%,-0.88,0,221668,High Engagement
SM_101401,TikTok,image,Image,Lifestyle,en,Brazil,27-06-2024 00:00,#viral #ai #trending,1432782,110214,47687,63657,15.46%,0.84,0,221558,High Engagement
SM_100729,Instagram,carousel,Carousel,Lifestyle,hi,US,11-02-2024 00:00,#news #music #fyp #viral,1136464,142058,12871,66625,19.50%,0.67,0,221554,High Engagement
SM_101712,TikTok,carousel,Carousel,Lifestyle,ur,Pakistan,13-02-2024 00:00,#viral #fyp #music #ai #funny,3620088,150837,4715,65865,6.12%,0.92,1,221417,High Engagement
SM_100446,X,image,Image,Entertainment,fr,Pakistan,15-08-2024 00:00,#news #fyp #music #viral,1827891,140607,28557,52250,12.11%,0.29,0,221414,High Engagement
SM_101901,X,carousel,Carousel,Entertainment,en,US,23-11-2024 00:00,#music #news,2791820,139591,47957,33838,7.93%,0.65,1,221386,High Engagement
SM_101603,Instagram,video,Video,Education,es,UK,04-09-2024 00:00,#ai #music #trending #news #tech,1415390,141539,46510,33333,15.64%,-0.23,0,221382,High Engagement
SM_100472,YouTube Shorts,image,Image,Lifestyle,ur,Brazil,28-03-2024 00:00,#trending #viral,1734804,144567,20426,56274,12.75%,0.51,0,221267,High Engagement
SM_100203,Instagram,carousel,Carousel,Sports,fr,US,05-06-2024 00:00,#news #viral #trending #ai,3051216,108972,19221,93071,7.25%,0.21,1,221264,High Engagement
SM_100175,YouTube Shorts,carousel,Carousel,Entertainment,fr,India,01-10-2024 00:00,#trending #viral #funny,1195545,91965,46897,81819,18.46%,-0.82,0,220681,High Engagement
SM_100035,TikTok,image,Image,Entertainment,es,India,01-01-2024 00:00,#viral #fyp #funny #music,965636,137948,27256,55017,22.81%,-0.99,0,220221,High Engagement
SM_101150,Instagram,text,Text,Education,ur,UK,01-03-2024 00:00,#funny #music #ai #trending #tech,1518992,94937,26465,97455,14.41%,-0.43,0,218857,High Engagement
SM_100943,X,video,Video,Entertainment,es,Pakistan,11-11-2024 00:00,#funny #viral #tech #trending,5193001,179069,30080,9360,4.21%,0.46,1,218509,Low Engagement
SM_100540,Instagram,image,Image,Lifestyle,en,US,15-11-2024 00:00,#ai #funny #music #viral #news,2924544,182784,29730,5927,7.47%,0.27,1,218441,High Engagement
SM_101967,TikTok,carousel,Carousel,Lifestyle,ur,UK,17-06-2024 00:00,#funny #viral #music,2621073,124813,37860,55613,8.33%,0.48,1,218286,High Engagement
SM_100251,Instagram,text,Text,Sports,ur,Pakistan,25-11-2024 00:00,#fyp #ai #funny #news,1272564,106047,26404,85383,17.12%,-0.95,0,217834,High Engagement
SM_101380,Instagram,image,Image,Education,fr,UK,06-04-2024 00:00,#funny #trending #news #tech,715204,102172,41915,73532,30.43%,-0.27,0,217619,High Engagement
SM_101807,TikTok,text,Text,Lifestyle,es,India,13-04-2024 00:00,#fyp #music #trending #viral,1403448,116954,41299,58704,15.46%,-0.77,0,216957,High Engagement
SM_100494,X,carousel,Carousel,Education,hi,UK,28-03-2024 00:00,#fyp #tech #funny,2897388,160966,5453,50332,7.48%,-0.8,1,216751,High Engagement
SM_100218,Instagram,text,Text,Technology,ur,US,22-08-2024 00:00,#viral #tech #news #trending,1320940,132094,33192,51357,16.40%,0.51,0,216643,High Engagement
SM_100966,X,image,Image,Technology,ur,Pakistan,12-06-2024 00:00,#funny #music #fyp,2776718,198337,10978,6860,7.79%,0.01,1,216175,High Engagement
SM_101814,X,carousel,Carousel,Politics,fr,Brazil,01-02-2024 00:00,#tech #funny #fyp,2030756,78106,49868,87909,10.63%,-0.27,1,215883,High Engagement
SM_100522,X,carousel,Carousel,Lifestyle,hi,US,07-09-2024 00:00,#fyp #trending,2431924,127996,35149,52162,8.85%,-0.59,1,215307,High Engagement
SM_100377,YouTube Shorts,text,Text,Education,ur,UK,05-11-2024 00:00,#funny #music #tech #trending,1780524,98918,21293,95082,12.09%,-0.84,0,215293,High Engagement
SM_101594,X,image,Image,Entertainment,es,Brazil,31-08-2024 00:00,#news #trending #music,4356312,181513,19078,14550,4.94%,-0.77,1,215141,Low Engagement
SM_101887,Instagram,video,Video,Entertainment,hi,US,22-10-2024 00:00,#viral #tech #fyp,2472064,154504,44629,15765,8.69%,0.47,1,214898,High Engagement
SM_100411,YouTube Shorts,image,Image,Sports,en,Brazil,14-03-2024 00:00,#ai #funny,2083220,104161,32561,78132,10.31%,0.88,1,214854,High Engagement
SM_100147,TikTok,image,Image,Sports,en,UK,18-02-2024 00:00,#tech #fyp #music #trending #funny,2850606,129573,14,84792,7.52%,0.1,1,214379,High Engagement
SM_100766,YouTube Shorts,image,Image,Sports,ur,Brazil,26-10-2024 00:00,#viral #trending,1024216,128027,34778,51169,20.89%,0.36,0,213974,High Engagement
SM_100337,YouTube Shorts,text,Text,Education,hi,UK,21-02-2024 00:00,#music #tech #trending #viral #news,1453969,132179,5450,76243,14.71%,0.08,0,213872,High Engagement
SM_100940,Instagram,image,Image,Politics,hi,India,12-04-2024 00:00,#music #viral #funny,4051236,192916,15815,5127,5.28%,0.9,1,213858,High Engagement
SM_100892,Instagram,video,Video,Politics,hi,Pakistan,17-04-2024 00:00,#tech #trending #fyp #news #viral,816242,116606,18490,78514,26.17%,0.78,0,213610,High Engagement
SM_100536,X,video,Video,Education,es,Pakistan,18-03-2024 00:00,#funny #ai,4502000,180080,19926,13058,4.73%,0.45,1,213064,Low Engagement
SM_101083,TikTok,image,Image,Entertainment,hi,Pakistan,25-02-2024 00:00,#trending #news #viral,2680224,111676,29528,71089,7.92%,-0.76,1,212293,High Engagement
SM_101761,YouTube Shorts,image,Image,Entertainment,fr,US,04-07-2024 00:00,#music #ai,1198500,70500,42089,99526,17.70%,0.48,0,212115,High Engagement
SM_100853,YouTube Shorts,carousel,Carousel,Education,ur,India,06-10-2024 00:00,#viral #fyp #news,4207425,168297,1368,42292,5.04%,0.71,1,211957,High Engagement
SM_101061,X,image,Image,Politics,es,Brazil,13-02-2024 00:00,#ai #fyp #tech #funny #trending,2840050,113602,22805,75477,7.46%,0.67,1,211884,High Engagement
SM_100719,YouTube Shorts,video,Video,Sports,fr,Brazil,10-08-2024 00:00,#music #news #funny,2615399,113713,3807,94290,8.10%,0.2,1,211810,High Engagement
SM_100801,YouTube Shorts,video,Video,Sports,hi,India,18-03-2024 00:00,#trending #viral #funny #fyp,1401660,93444,24277,93936,15.10%,0.59,0,211657,High Engagement
SM_101081,Instagram,text,Text,Entertainment,fr,US,11-08-2024 00:00,#music #trending,2441740,122087,20571,67767,8.62%,-0.46,1,210425,High Engagement
SM_101385,X,image,Image,Politics,en,UK,02-12-2024 00:00,#music #ai #news #viral,3674986,159782,15932,34679,5.73%,-0.35,1,210393,High Engagement
SM_101319,YouTube Shorts,text,Text,Politics,en,US,10-04-2024 00:00,#news #funny #trending,1855176,109128,11777,89386,11.34%,-0.58,0,210291,High Engagement
SM_101749,YouTube Shorts,carousel,Carousel,Education,en,UK,17-06-2024 00:00,#funny #music,5454876,194817,7865,7527,3.85%,-0.06,1,210209,Low Engagement
SM_100132,X,image,Image,Education,en,India,07-05-2024 00:00,#trending #fyp #tech #music #funny,1488732,124061,30360,55772,14.12%,-0.77,0,210193,High Engagement
SM_100309,Instagram,image,Image,Politics,en,US,02-01-2024 00:00,#trending #ai #viral #funny #tech,674640,67464,45033,97660,31.15%,0.97,0,210157,High Engagement
SM_100783,X,carousel,Carousel,Lifestyle,ur,US,28-12-2024 00:00,#funny #trending #viral,2216712,184726,20941,4427,9.48%,0.57,1,210094,High Engagement
SM_101939,X,text,Text,Education,en,India,20-04-2024 00:00,#funny #music,3088365,147065,45862,16494,6.78%,0.6,1,209421,High Engagement
SM_101484,YouTube Shorts,image,Image,Education,ur,UK,21-08-2024 00:00,#music #fyp #ai #viral #news,1970623,115919,4768,88658,10.62%,0.72,0,209345,High Engagement
SM_101906,Instagram,carousel,Carousel,Sports,es,India,24-08-2024 00:00,#news #music #tech #viral #funny,2620045,113915,24391,70383,7.97%,0.71,1,208689,High Engagement
SM_101905,YouTube Shorts,video,Video,Politics,es,India,11-12-2024 00:00,#news #funny #ai,2756073,95037,41553,72091,7.57%,-0.09,1,208681,High Engagement
SM_100413,Instagram,image,Image,Technology,hi,US,03-06-2024 00:00,#fyp #tech,1389312,154368,40292,13670,15.00%,0.93,0,208330,High Engagement
SM_101689,X,carousel,Carousel,Technology,ur,India,26-03-2024 00:00,#news #trending #fyp,2572608,107192,2152,98920,8.10%,-0.97,1,208264,High Engagement
SM_100011,Instagram,text,Text,Technology,fr,US,17-01-2024 00:00,#news #trending #viral,1763894,80177,35925,92068,11.80%,0.33,0,208170,High Engagement
SM_101316,TikTok,carousel,Carousel,Sports,en,UK,29-06-2024 00:00,#trending #funny #viral #tech,2849472,167616,35345,5034,7.30%,0.44,1,207995,High Engagement
SM_101291,Instagram,carousel,Carousel,Technology,fr,UK,19-04-2024 00:00,#tech #trending,3432753,127139,31663,49003,6.05%,0.18,1,207805,High Engagement
SM_100297,Instagram,image,Image,Lifestyle,ur,US,15-10-2024 00:00,#music #viral #ai,1377360,172170,28540,6641,15.05%,0.58,0,207351,High Engagement
SM_100462,TikTok,text,Text,Politics,es,Brazil,27-06-2024 00:00,#ai #music,1625124,135427,14489,56550,12.70%,0.3,0,206466,High Engagement
SM_101974,TikTok,video,Video,Politics,ur,UK,19-09-2024 00:00,#trending #viral,3237840,161892,9977,33352,6.34%,0.71,1,205221,High Engagement
SM_101248,X,text,Text,Entertainment,en,US,19-02-2024 00:00,#music #fyp #viral,1769589,196621,2085,6090,11.57%,0.57,0,204796,High Engagement
SM_100829,YouTube Shorts,carousel,Carousel,Entertainment,ur,US,08-04-2024 00:00,#tech #music #fyp,1681740,93430,28788,82535,12.18%,-0.59,0,204753,High Engagement
SM_100547,TikTok,carousel,Carousel,Technology,hi,UK,24-01-2024 00:00,#music #fyp #trending #viral,2555586,141977,35856,26833,8.01%,-0.6,1,204666,High Engagement
SM_101726,Instagram,video,Video,Technology,hi,Pakistan,25-11-2024 00:00,#trending #fyp #news,1349145,149905,19162,35031,15.13%,-0.42,0,204098,High Engagement
SM_101048,X,video,Video,Politics,hi,Brazil,28-11-2024 00:00,#fyp #viral #news #tech #trending,1034688,86224,40219,77486,19.71%,-0.59,0,203929,High Engagement
SM_101551,TikTok,carousel,Carousel,Technology,hi,UK,16-04-2024 00:00,#news #music #trending #viral,4151784,148278,46294,8721,4.90%,0.63,1,203293,Low Engagement
SM_100502,Instagram,carousel,Carousel,Sports,es,US,05-01-2024 00:00,#funny #fyp #ai #music #viral,531985,106397,5547,91013,38.15%,-0.35,0,202957,High Engagement
SM_100953,X,carousel,Carousel,Technology,ur,US,15-12-2024 00:00,#tech #news,957576,79798,49159,73934,21.19%,-0.86,0,202891,High Engagement
SM_101606,TikTok,carousel,Carousel,Technology,es,India,06-03-2024 00:00,#music #tech #trending #ai,589722,84246,23595,94980,34.39%,0.58,0,202821,High Engagement
SM_101138,X,image,Image,Lifestyle,es,Brazil,26-08-2024 00:00,#fyp #trending #funny,2386848,99452,25938,77155,8.49%,-0.33,1,202545,High Engagement
SM_101297,TikTok,carousel,Carousel,Sports,hi,Brazil,28-09-2024 00:00,#news #tech,2910349,171197,28972,2160,6.95%,-0.02,1,202329,High Engagement
SM_101836,Instagram,image,Image,Lifestyle,es,Brazil,18-12-2024 00:00,#music #funny #ai,1974583,151891,24670,25033,10.21%,0.84,0,201594,High Engagement
SM_100273,Instagram,carousel,Carousel,Entertainment,ur,UK,19-05-2024 00:00,#fyp #music #tech,2333833,101471,38714,61121,8.63%,-0.82,1,201306,High Engagement
SM_100795,X,carousel,Carousel,Education,es,Brazil,30-11-2024 00:00,#tech #viral #music #news,1279845,142205,42741,16242,15.72%,-0.01,0,201188,High Engagement
SM_101515,X,image,Image,Politics,hi,US,12-02-2024 00:00,#trending #news #tech #funny #viral,2048520,102426,11996,86705,9.82%,0.07,1,201127,High Engagement
SM_101482,Instagram,text,Text,Lifestyle,fr,US,18-01-2024 00:00,#news #funny #viral,1113007,159001,15377,25939,18.00%,0.7,0,200317,High Engagement
SM_101085,Instagram,carousel,Carousel,Education,hi,India,09-10-2024 00:00,#tech #viral #fyp #trending,1681668,93426,40958,65786,11.90%,0.19,0,200170,High Engagement
SM_100768,YouTube Shorts,video,Video,Lifestyle,en,India,09-08-2024 00:00,#music #trending #fyp #viral,855526,122218,30504,47378,23.39%,-0.37,0,200100,High Engagement
SM_101088,Instagram,carousel,Carousel,Sports,es,US,13-03-2024 00:00,#music #tech #viral #news #trending,4315050,172602,1992,25106,4.63%,0.64,1,199700,Low Engagement
SM_100545,X,image,Image,Lifestyle,ur,UK,27-04-2024 00:00,#ai #viral,3133400,156670,11334,31657,6.37%,0.57,1,199661,High Engagement
SM_100130,Instagram,carousel,Carousel,Technology,hi,UK,07-08-2024 00:00,#ai #trending,2736402,118974,25294,55130,7.29%,-0.78,1,199398,High Engagement
SM_100039,Instagram,image,Image,Politics,en,Pakistan,16-03-2024 00:00,#news #funny,1373778,65418,44422,89475,14.51%,-0.7,0,199315,High Engagement
SM_100480,TikTok,carousel,Carousel,Lifestyle,fr,US,28-01-2024 00:00,#ai #tech #news,2451904,87568,34599,76958,8.12%,0.07,1,199125,High Engagement
SM_101693,YouTube Shorts,image,Image,Technology,ur,US,03-04-2024 00:00,#tech #news #trending,1829088,152424,39759,6863,10.88%,0.38,0,199046,High Engagement
SM_100554,X,image,Image,Technology,es,UK,02-09-2024 00:00,#fyp #viral #ai #trending,477393,68199,36065,94734,41.68%,-0.87,0,198998,High Engagement
SM_101762,Instagram,video,Video,Entertainment,en,UK,28-12-2024 00:00,#viral #trending #fyp #music #news,4114346,141874,41201,15386,4.82%,-0.6,1,198461,Low Engagement
SM_100950,X,video,Video,Politics,es,US,15-09-2024 00:00,#ai #fyp,3286059,156479,30840,11065,6.04%,-0.85,1,198384,High Engagement
SM_101473,X,video,Video,Lifestyle,en,UK,08-05-2024 00:00,#viral #music #news #funny #fyp,769785,153957,12822,31407,25.75%,-0.21,0,198186,High Engagement
SM_101934,TikTok,video,Video,Politics,fr,Pakistan,11-05-2024 00:00,#viral #tech,1519602,108543,34081,55284,13.02%,0.58,0,197908,High Engagement
SM_100415,Instagram,video,Video,Education,en,Pakistan,04-01-2024 00:00,#viral #ai #trending #news #funny,1057308,88109,28630,81041,18.71%,0.73,0,197780,High Engagement
SM_100745,X,video,Video,Education,es,India,17-01-2024 00:00,#viral #trending #news,4127452,147409,41976,8245,4.79%,-0.42,1,197630,Low Engagement
SM_101733,YouTube Shorts,text,Text,Sports,ur,Pakistan,09-04-2024 00:00,#trending #viral,787158,87462,10981,99123,25.10%,0.75,0,197566,High Engagement
SM_101593,YouTube Shorts,video,Video,Education,es,Brazil,09-06-2024 00:00,#trending #music,3054618,113134,43338,40829,6.46%,-0.79,1,197301,High Engagement
SM_100033,Instagram,video,Video,Education,en,US,21-11-2024 00:00,#fyp #trending,4131162,153006,18052,26106,4.77%,0.79,1,197164,Low Engagement
SM_101444,YouTube Shorts,video,Video,Politics,hi,India,25-06-2024 00:00,#tech #news,1152780,96065,15737,85043,17.08%,-0.05,0,196845,High Engagement
SM_100026,TikTok,text,Text,Sports,fr,US,08-01-2024 00:00,#ai #trending #funny #fyp,1285778,98906,6915,90983,15.31%,0.42,0,196804,High Engagement
SM_101143,Instagram,carousel,Carousel,Politics,hi,India,28-04-2024 00:00,#trending #tech #funny #ai #viral,3723960,186198,8383,1882,5.28%,-0.98,1,196463,High Engagement
SM_100287,YouTube Shorts,image,Image,Education,en,India,07-02-2024 00:00,#ai #funny #viral #news,1647288,183032,11349,1751,11.91%,0.39,0,196132,High Engagement
SM_101809,YouTube Shorts,carousel,Carousel,Entertainment,hi,US,31-08-2024 00:00,#fyp #ai #tech #funny,1574062,112433,37797,45808,12.45%,-0.05,0,196038,High Engagement
SM_100517,X,image,Image,Technology,hi,UK,02-02-2024 00:00,#ai #fyp,2426760,101115,11285,83589,8.08%,0.48,1,195989,High Engagement
SM_100371,X,video,Video,Technology,fr,India,21-06-2024 00:00,#tech #funny #fyp,3434886,127218,3046,65642,5.70%,0.34,1,195906,High Engagement
SM_100796,TikTok,text,Text,Politics,en,India,22-05-2024 00:00,#trending #tech,2940600,113100,47567,35064,6.66%,-0.17,1,195731,High Engagement
SM_100513,Instagram,video,Video,Entertainment,fr,US,15-06-2024 00:00,#viral #trending #news #ai,4870854,180402,8085,7100,4.02%,0.04,1,195587,Low Engagement
SM_101057,TikTok,video,Video,Politics,fr,India,04-07-2024 00:00,#viral #news #funny,2259420,150628,9264,35555,8.65%,-0.1,1,195447,High Engagement
SM_100236,YouTube Shorts,image,Image,Technology,hi,Brazil,19-01-2024 00:00,#tech #funny #news #ai #trending,749385,57645,39229,97946,26.00%,-0.77,0,194820,High Engagement
SM_100628,Instagram,text,Text,Sports,fr,Pakistan,12-06-2024 00:00,#trending #funny #news #tech,1679532,98796,44903,50940,11.59%,0.8,0,194639,High Engagement
SM_100688,YouTube Shorts,video,Video,Entertainment,es,India,17-09-2024 00:00,#ai #tech #news,770874,128479,20389,45735,25.24%,-0.67,0,194603,High Engagement
SM_101435,YouTube Shorts,text,Text,Politics,ur,US,11-11-2024 00:00,#fyp #funny,1769424,110589,34310,49550,10.99%,-0.05,0,194449,High Engagement
SM_101259,Instagram,text,Text,Education,fr,Brazil,27-09-2024 00:00,#funny #news #trending,926352,102928,6564,84695,20.96%,0.53,0,194187,High Engagement
SM_101994,YouTube Shorts,image,Image,Technology,en,UK,04-07-2024 00:00,#ai #trending #fyp #news,1996860,166405,16309,11295,9.72%,-0.99,0,194009,High Engagement
SM_100062,TikTok,video,Video,Education,en,India,19-09-2024 00:00,#viral #trending,2903850,107550,40823,45526,6.68%,-0.5,1,193899,High Engagement
SM_101695,Instagram,carousel,Carousel,Sports,ur,Brazil,27-02-2024 00:00,#fyp #music,941993,72461,43425,77991,20.58%,-0.71,0,193877,High Engagement
SM_101219,YouTube Shorts,image,Image,Education,fr,Brazil,16-02-2024 00:00,#ai #trending #tech #funny,2567138,88522,44353,60740,7.54%,0.4,1,193615,High Engagement
SM_100723,YouTube Shorts,carousel,Carousel,Politics,fr,Pakistan,05-12-2024 00:00,#music #funny #tech #trending,2191824,121768,46097,25519,8.82%,-0.56,1,193384,High Engagement
SM_101729,X,text,Text,Lifestyle,hi,India,24-12-2024 00:00,#news #tech #trending,1672728,139394,24079,29826,11.56%,0.13,0,193299,High Engagement
SM_100841,Instagram,text,Text,Politics,en,US,16-10-2024 00:00,#music #tech,3319544,144328,23069,25712,5.82%,-0.64,1,193109,High Engagement
SM_100789,TikTok,carousel,Carousel,Technology,ur,India,18-02-2024 00:00,#ai #tech #music,1287615,61315,49434,82153,14.98%,-0.55,0,192902,High Engagement
SM_101503,X,carousel,Carousel,Technology,ur,India,18-01-2024 00:00,#trending #tech #ai #music #news,970228,69302,37050,86323,19.86%,-0.39,0,192675,High Engagement
SM_100832,YouTube Shorts,video,Video,Lifestyle,es,Brazil,03-02-2024 00:00,#viral #trending #tech,872652,145442,30913,15524,21.99%,0.55,0,191879,High Engagement
SM_100245,Instagram,image,Image,Sports,es,India,04-10-2024 00:00,#viral #trending #tech,3074042,133654,24447,33720,6.24%,-0.3,1,191821,High Engagement
SM_101535,Instagram,video,Video,Lifestyle,ur,US,16-07-2024 00:00,#music #news #trending,3613850,144554,4030,43227,5.31%,0.89,1,191811,High Engagement
SM_100365,X,image,Image,Sports,en,India,19-01-2024 00:00,#ai #funny,1457358,69398,46172,75305,13.10%,-0.79,0,190875,High Engagement
SM_101790,Instagram,image,Image,Education,es,US,23-04-2024 00:00,#ai #news #viral #trending,2517215,132485,7852,50223,7.57%,0.38,1,190560,High Engagement
SM_101156,TikTok,carousel,Carousel,Sports,en,US,07-01-2024 00:00,#news #fyp #ai,2214981,130293,39881,20324,8.60%,-0.33,1,190498,High Engagement
SM_100090,TikTok,image,Image,Technology,en,US,12-04-2024 00:00,#fyp #funny #ai #music,3546940,177347,7810,5238,5.37%,-0.63,1,190395,High Engagement
SM_100431,YouTube Shorts,text,Text,Lifestyle,ur,Pakistan,30-11-2024 00:00,#viral #funny #news #ai #music,815592,135932,32784,21637,23.34%,0.05,0,190353,High Engagement
SM_100343,X,image,Image,Politics,en,Brazil,31-08-2024 00:00,#ai #music #tech,1861800,77575,25343,87267,10.22%,0.52,0,190185,High Engagement
SM_101118,YouTube Shorts,text,Text,Education,es,UK,28-01-2024 00:00,#funny #music #news,3120936,111462,49914,28808,6.09%,0.94,1,190184,High Engagement
SM_101390,Instagram,image,Image,Technology,en,Brazil,22-05-2024 00:00,#tech #music #ai #fyp #news,2606202,96526,32021,61305,7.28%,0.96,1,189852,High Engagement
SM_100448,YouTube Shorts,carousel,Carousel,Education,en,US,12-02-2024 00:00,#music #news,956824,119603,35998,34085,19.82%,-0.45,0,189686,High Engagement
SM_101198,Instagram,carousel,Carousel,Education,hi,India,26-01-2024 00:00,#tech #music #ai,1243596,103633,16314,69591,15.24%,0.79,0,189538,High Engagement
SM_101810,Instagram,video,Video,Lifestyle,en,UK,05-02-2024 00:00,#music #viral #trending,2044695,136313,38761,13778,9.24%,0.81,1,188852,High Engagement
SM_100888,YouTube Shorts,video,Video,Sports,ur,UK,20-06-2024 00:00,#tech #ai #news,1774101,84481,41248,62913,10.63%,-0.23,0,188642,High Engagement
SM_101160,TikTok,video,Video,Education,fr,UK,09-07-2024 00:00,#viral #news #funny,512224,64028,41112,83232,36.78%,-0.79,0,188372,High Engagement
SM_100163,Instagram,image,Image,Entertainment,en,India,21-07-2024 00:00,#viral #ai #tech #fyp #funny,3176599,138113,25939,23387,5.90%,0.81,1,187439,High Engagement
SM_100020,YouTube Shorts,carousel,Carousel,Sports,hi,India,16-12-2024 00:00,#music #trending,3078941,133867,48195,5259,6.08%,0.41,1,187321,High Engagement
SM_100174,Instagram,image,Image,Sports,ur,India,20-01-2024 00:00,#tech #music #news #ai,2351880,130660,39149,16908,7.94%,-0.27,1,186717,High Engagement
SM_101032,TikTok,carousel,Carousel,Entertainment,ur,US,12-12-2024 00:00,#funny #fyp,4095873,151699,23574,11152,4.55%,0.4,1,186425,Low Engagement
SM_101024,YouTube Shorts,video,Video,Technology,es,India,11-12-2024 00:00,#fyp #news #tech,2974122,165229,1452,19584,6.26%,-0.38,1,186265,High Engagement
SM_101195,TikTok,video,Video,Education,en,Pakistan,20-12-2024 00:00,#trending #ai #viral #fyp,2552256,106344,43121,36635,7.29%,0.29,1,186100,High Engagement
SM_100121,Instagram,carousel,Carousel,Lifestyle,es,US,03-11-2024 00:00,#fyp #funny,2748906,152717,21694,11175,6.75%,0.1,1,185586,High Engagement
SM_100242,TikTok,text,Text,Sports,en,Pakistan,03-03-2024 00:00,#funny #ai #news,1557237,141567,16246,27697,11.91%,0.95,0,185510,High Engagement
SM_100185,TikTok,carousel,Carousel,Politics,hi,Pakistan,29-02-2024 00:00,#tech #trending #music #viral,1078144,134768,44248,6169,17.18%,-0.29,0,185185,High Engagement
SM_100546,TikTok,text,Text,Technology,ur,Pakistan,10-03-2024 00:00,#viral #music #funny #news,1642690,117335,19368,47702,11.23%,0.52,0,184405,High Engagement
SM_100360,TikTok,video,Video,Education,ur,US,23-06-2024 00:00,#ai #viral #trending #music,779094,129849,5114,49269,23.65%,0.6,0,184232,High Engagement
SM_101513,YouTube Shorts,video,Video,Education,hi,US,11-09-2024 00:00,#trending #news,2091420,77460,37340,69352,8.81%,0.6,1,184152,High Engagement
SM_101553,YouTube Shorts,video,Video,Technology,fr,UK,20-06-2024 00:00,#tech #music,2619344,93548,47379,42908,7.02%,-0.33,1,183835,High Engagement
SM_101230,TikTok,video,Video,Sports,hi,India,16-12-2024 00:00,#music #fyp #trending #news #viral,2493140,95890,15545,72256,7.37%,0.3,1,183691,High Engagement
SM_101044,X,text,Text,Technology,ur,India,01-09-2024 00:00,#funny #music #fyp #viral #ai,1208912,151114,20867,11670,15.19%,-1,0,183651,High Engagement
SM_101769,TikTok,carousel,Carousel,Education,en,India,23-12-2024 00:00,#funny #tech #fyp #viral #ai,1406250,93750,37794,52067,13.06%,1,0,183611,High Engagement
SM_100718,Instagram,image,Image,Entertainment,es,Pakistan,23-11-2024 00:00,#news #music,3027423,144163,2813,36594,6.06%,0.73,1,183570,High Engagement
SM_100880,TikTok,text,Text,Education,ur,Brazil,04-09-2024 00:00,#viral #funny #news #ai #tech,1716935,90365,32187,60711,10.67%,0.9,0,183263,High Engagement
SM_101571,Instagram,video,Video,Sports,en,India,15-08-2024 00:00,#viral #funny #fyp #trending #news,2645427,139233,8614,35372,6.93%,-0.94,1,183219,High Engagement
SM_100336,YouTube Shorts,video,Video,Politics,fr,UK,20-03-2024 00:00,#tech #news #ai #music,4567864,163138,7014,12988,4.01%,0.64,1,183140,Low Engagement
SM_100874,Instagram,image,Image,Technology,ur,UK,14-06-2024 00:00,#viral #fyp,3428096,122432,37628,22932,5.34%,-0.45,1,182992,High Engagement
SM_101818,TikTok,carousel,Carousel,Lifestyle,hi,India,16-09-2024 00:00,#fyp #viral #funny #news #trending,2480754,130566,1782,50375,7.37%,-0.36,1,182723,High Engagement
SM_100763,YouTube Shorts,text,Text,Sports,en,UK,06-03-2024 00:00,#tech #viral #trending,1355266,123206,5360,54121,13.48%,0.54,0,182687,High Engagement
SM_101090,X,carousel,Carousel,Entertainment,hi,Pakistan,07-02-2024 00:00,#music #viral,1698588,141549,7352,33777,10.75%,0.65,0,182678,High Engagement
SM_100232,X,carousel,Carousel,Lifestyle,hi,US,03-05-2024 00:00,#music #trending #funny,2632485,175499,3373,3798,6.94%,-0.1,1,182670,High Engagement
SM_100705,TikTok,image,Image,Entertainment,en,Brazil,06-04-2024 00:00,#ai #viral,1236030,82402,26137,74028,14.77%,0.12,0,182567,High Engagement
SM_101957,X,image,Image,Sports,fr,Brazil,10-02-2024 00:00,#news #funny #trending,481984,60248,46931,75272,37.85%,-0.77,0,182451,High Engagement
SM_101106,X,carousel,Carousel,Politics,fr,Brazil,10-07-2024 00:00,#tech #fyp #music #ai #trending,2949387,140447,28682,13270,6.18%,-0.16,1,182399,High Engagement
SM_100622,YouTube Shorts,video,Video,Lifestyle,ur,US,08-05-2024 00:00,#funny #news,1110816,158688,22438,1090,16.40%,0.37,0,182216,High Engagement
SM_101775,X,text,Text,Politics,en,Pakistan,28-08-2024 00:00,#ai #trending #fyp #news #music,1194795,79653,8319,93832,15.22%,0.57,0,181804,High Engagement
SM_100980,YouTube Shorts,carousel,Carousel,Sports,hi,India,02-10-2024 00:00,#viral #funny #trending #ai,488185,97637,15628,67915,37.11%,0.15,0,181180,High Engagement
SM_101614,Instagram,image,Image,Lifestyle,es,US,02-07-2024 00:00,#news #fyp,1853362,132383,234,48543,9.77%,-0.45,0,181160,High Engagement
SM_101470,YouTube Shorts,image,Image,Lifestyle,fr,Brazil,10-11-2024 00:00,#viral #ai,1723246,123089,17405,40116,10.48%,-0.88,0,180610,High Engagement
SM_101153,YouTube Shorts,image,Image,Entertainment,en,US,02-06-2024 00:00,#trending #ai #fyp #viral #funny,2007278,143377,24343,12749,8.99%,-0.58,1,180469,High Engagement
SM_101134,X,text,Text,Entertainment,hi,India,27-02-2024 00:00,#news #tech #viral,707733,78637,16513,85167,25.48%,-0.39,0,180317,High Engagement
SM_100254,X,text,Text,Entertainment,en,US,05-12-2024 00:00,#tech #trending #fyp #news,710206,101458,13580,64930,25.34%,-0.51,0,179968,High Engagement
SM_101262,X,video,Video,Politics,es,UK,12-04-2024 00:00,#news #tech,902400,90240,15315,73763,19.87%,-0.23,0,179318,High Engagement
SM_100568,YouTube Shorts,text,Text,Entertainment,es,UK,31-05-2024 00:00,#fyp #trending #music #viral #ai,1919787,83469,25127,70554,9.33%,-0.25,0,179150,High Engagement
SM_100002,YouTube Shorts,video,Video,Technology,ur,UK,03-05-2024 00:00,#ai #news,1051176,87598,47196,44132,17.02%,0.42,0,178926,High Engagement
SM_101756,YouTube Shorts,image,Image,Lifestyle,hi,India,02-09-2024 00:00,#ai #music #trending #viral,2157820,107891,24295,46074,8.26%,0.1,1,178260,High Engagement
SM_100063,Instagram,text,Text,Technology,fr,India,14-06-2024 00:00,#funny #ai #news #music,1980177,116481,14378,47334,9.00%,-0.03,0,178193,High Engagement
SM_101569,YouTube Shorts,video,Video,Education,es,Pakistan,12-11-2024 00:00,#viral #fyp #music,1164053,105823,2047,70135,15.29%,0.35,0,178005,High Engagement
SM_101867,TikTok,carousel,Carousel,Entertainment,es,US,15-03-2024 00:00,#funny #viral #news #trending,3410688,142112,11263,24486,5.21%,-0.31,1,177861,High Engagement
SM_101388,Instagram,image,Image,Politics,fr,UK,16-01-2024 00:00,#news #tech #fyp #funny,1445964,55614,47897,74220,12.29%,-0.97,0,177731,High Engagement
SM_100929,Instagram,text,Text,Education,ur,US,13-04-2024 00:00,#funny #music #fyp #ai #tech,975375,65025,41685,70270,18.14%,0.47,0,176980,High Engagement
SM_100191,Instagram,carousel,Carousel,Technology,es,Pakistan,31-07-2024 00:00,#tech #news #viral,1086045,72403,27144,77150,16.27%,-0.82,0,176697,High Engagement
SM_100001,Instagram,carousel,Carousel,Sports,ur,Brazil,13-10-2024 00:00,#news #fyp #funny #ai #trending,2538464,110368,11289,54887,6.95%,-0.8,1,176544,High Engagement
SM_100351,X,image,Image,Sports,fr,UK,21-09-2024 00:00,#trending #funny,1633680,163368,5631,7425,10.80%,-0.54,0,176424,High Engagement
SM_100089,X,text,Text,Lifestyle,fr,Pakistan,14-08-2024 00:00,#music #ai #tech #funny,501675,100335,9209,66618,35.11%,-0.12,0,176162,High Engagement
SM_100553,YouTube Shorts,text,Text,Politics,ur,UK,26-02-2024 00:00,#viral #news #music #fyp #funny,2503080,104295,33853,37805,7.03%,-0.2,1,175953,High Engagement
SM_101685,X,text,Text,Sports,es,UK,20-07-2024 00:00,#music #trending #fyp,1457930,145793,11339,18175,12.02%,0.16,0,175307,High Engagement
SM_101842,TikTok,video,Video,Entertainment,en,US,09-06-2024 00:00,#news #funny #fyp,1452700,58108,17745,99319,12.06%,0.16,0,175172,High Engagement
SM_101820,TikTok,image,Image,Lifestyle,en,UK,07-05-2024 00:00,#music #viral,1475595,98373,17714,58646,11.84%,0.41,0,174733,High Engagement
SM_100326,X,carousel,Carousel,Entertainment,hi,India,25-10-2024 00:00,#ai #funny,1593156,132763,11308,30562,10.96%,0.13,0,174633,High Engagement
SM_100514,TikTok,video,Video,Entertainment,en,Brazil,24-05-2024 00:00,#news #funny #trending #fyp #viral,1549152,96822,47689,30112,11.27%,0.02,0,174623,High Engagement
SM_101647,Instagram,image,Image,Sports,ur,Brazil,12-06-2024 00:00,#ai #news #fyp,795942,113706,14655,46119,21.92%,-0.48,0,174480,High Engagement
SM_100435,YouTube Shorts,carousel,Carousel,Education,ur,Pakistan,20-03-2024 00:00,#ai #funny #viral,1126358,59282,27769,87164,15.47%,-0.51,0,174215,High Engagement
SM_100075,X,video,Video,Lifestyle,ur,Pakistan,25-09-2024 00:00,#ai #fyp,1483496,105964,12538,54749,11.68%,0.62,0,173251,High Engagement
SM_101471,TikTok,video,Video,Entertainment,fr,Brazil,23-05-2024 00:00,#ai #news #trending,2982447,110461,24605,37707,5.79%,-0.93,1,172773,High Engagement
SM_101363,TikTok,video,Video,Lifestyle,en,India,16-07-2024 00:00,#funny #music #trending,2303615,79435,26317,66986,7.50%,-0.79,1,172738,High Engagement
SM_101718,Instagram,video,Video,Politics,ur,US,29-01-2024 00:00,#trending #viral #funny,2397589,104243,13508,54944,7.20%,-0.32,1,172695,High Engagement
SM_101770,TikTok,video,Video,Politics,fr,US,25-05-2024 00:00,#viral #fyp #tech #funny #music,949264,118658,44532,9191,18.16%,0.46,0,172381,High Engagement
SM_101428,TikTok,carousel,Carousel,Sports,fr,India,17-10-2024 00:00,#trending #music #fyp #funny #ai,1897470,105415,20090,46855,9.08%,0.48,0,172360,High Engagement
SM_100834,YouTube Shorts,carousel,Carousel,Lifestyle,fr,UK,15-01-2024 00:00,#ai #fyp #viral,3797472,158228,6619,7416,4.54%,-0.15,1,172263,Low Engagement
SM_101371,YouTube Shorts,text,Text,Lifestyle,ur,US,15-09-2024 00:00,#trending #music #ai #fyp #funny,1003104,37152,46037,88722,17.14%,0.34,0,171911,High Engagement
SM_100265,Instagram,text,Text,Politics,en,India,02-05-2024 00:00,#viral #news,390137,35467,36806,99609,44.06%,-0.56,0,171882,High Engagement
SM_100333,YouTube Shorts,carousel,Carousel,Sports,hi,US,01-09-2024 00:00,#funny #trending #news,341072,42634,36771,92242,50.33%,0.11,0,171647,High Engagement
SM_101537,YouTube Shorts,image,Image,Technology,en,Brazil,18-02-2024 00:00,#fyp #ai #music,839025,33561,41120,96888,20.45%,0.16,0,171569,High Engagement
SM_101233,YouTube Shorts,image,Image,Entertainment,es,India,07-01-2024 00:00,#viral #fyp,1836648,83484,395,87536,9.33%,-0.2,0,171415,High Engagement
SM_101206,X,text,Text,Technology,fr,Pakistan,05-08-2024 00:00,#viral #tech #news,1884160,94208,7498,69640,9.09%,-0.73,0,171346,High Engagement
SM_100639,YouTube Shorts,image,Image,Entertainment,ur,UK,16-06-2024 00:00,#funny #ai #music #news,1159125,77275,47197,46734,14.77%,-0.85,0,171206,High Engagement
SM_101397,TikTok,video,Video,Lifestyle,ur,India,09-12-2024 00:00,#trending #music #news #tech,1349646,71034,5534,94599,12.68%,0.91,0,171167,High Engagement
SM_101193,Instagram,text,Text,Sports,fr,Pakistan,30-03-2024 00:00,#fyp #tech,1310112,72784,18753,79559,13.06%,-0.73,0,171096,High Engagement
SM_100786,Instagram,text,Text,Technology,hi,Pakistan,05-10-2024 00:00,#ai #trending #news,1659935,87365,31136,52429,10.30%,-0.88,0,170930,High Engagement
SM_101514,YouTube Shorts,video,Video,Education,es,India,13-12-2024 00:00,#music #trending #tech,1397342,60754,41891,68144,12.22%,0.03,0,170789,High Engagement
SM_100067,TikTok,image,Image,Education,ur,Pakistan,13-07-2024 00:00,#music #funny,1909494,106083,8213,56492,8.94%,0.83,0,170788,High Engagement
SM_101006,TikTok,carousel,Carousel,Education,ur,Brazil,27-04-2024 00:00,#news #trending,2354400,98100,21124,51540,7.25%,-0.51,1,170764,High Engagement
SM_101358,Instagram,video,Video,Education,es,Brazil,21-11-2024 00:00,#music #fyp #ai #news,2556640,127832,14631,28133,6.67%,0.71,1,170596,High Engagement
SM_100963,X,image,Image,Entertainment,en,Brazil,16-12-2024 00:00,#viral #funny,1406336,87896,26074,56234,12.10%,-0.05,0,170204,High Engagement
SM_101987,TikTok,carousel,Carousel,Politics,hi,Pakistan,21-04-2024 00:00,#funny #trending #fyp #viral,3222752,123952,19235,26709,5.27%,-0.34,1,169896,High Engagement
SM_100501,TikTok,image,Image,Entertainment,en,UK,19-12-2024 00:00,#ai #news,2247950,89918,6553,73295,7.55%,0.52,1,169766,High Engagement
SM_101985,YouTube Shorts,carousel,Carousel,Sports,fr,India,04-09-2024 00:00,#music #viral #tech,2438610,84090,13363,72205,6.96%,-0.64,1,169658,High Engagement
SM_101880,YouTube Shorts,image,Image,Technology,ur,Pakistan,21-06-2024 00:00,#ai #trending #news #viral,2363032,84394,2277,82887,7.18%,-0.98,1,169558,High Engagement
SM_100299,YouTube Shorts,video,Video,Sports,es,India,04-02-2024 00:00,#viral #tech #ai #trending #news,476238,79373,9328,80766,35.58%,-0.95,0,169467,High Engagement
SM_101182,Instagram,text,Text,Education,hi,India,24-06-2024 00:00,#tech #news #music #viral,2735689,118943,21062,28993,6.18%,0.1,1,168998,High Engagement
SM_100445,X,carousel,Carousel,Lifestyle,en,Brazil,07-09-2024 00:00,#ai #funny #news,2295904,88304,15227,65430,7.36%,0.03,1,168961,High Engagement
SM_101023,Instagram,image,Image,Politics,ur,Pakistan,01-08-2024 00:00,#funny #fyp #ai,1210905,134545,10340,23742,13.93%,-0.04,0,168627,High Engagement
SM_101736,X,video,Video,Entertainment,ur,Pakistan,05-06-2024 00:00,#fyp #ai #funny #news,2803424,107824,4797,55983,6.01%,0.64,1,168604,High Engagement
SM_100029,Instagram,video,Video,Lifestyle,fr,US,13-10-2024 00:00,#ai #funny #viral,2013582,105978,6379,56045,8.36%,0.51,1,168402,High Engagement
SM_100452,TikTok,text,Text,Entertainment,fr,US,01-05-2024 00:00,#fyp #trending #tech #news,442836,49204,41626,77232,37.95%,0.28,0,168062,High Engagement
SM_101187,Instagram,image,Image,Lifestyle,ur,Pakistan,24-09-2024 00:00,#news #tech #trending #funny,3546894,136419,10558,20812,4.73%,-0.71,1,167789,Low Engagement
SM_100142,X,text,Text,Politics,es,US,16-02-2024 00:00,#music #fyp #funny #ai,1023594,46527,36492,84666,16.38%,-0.47,0,167685,High Engagement
SM_101252,YouTube Shorts,image,Image,Sports,fr,US,10-02-2024 00:00,#music #fyp #trending,1357275,90485,18695,58503,12.35%,-0.08,0,167683,High Engagement
SM_100918,Instagram,text,Text,Sports,ur,India,15-03-2024 00:00,#viral #news #music #fyp,3538360,126370,26494,14388,4.73%,0.58,1,167252,Low Engagement
SM_101424,X,carousel,Carousel,Technology,fr,US,02-02-2024 00:00,#trending #news #funny #viral,3058550,139025,12384,15793,5.47%,0.66,1,167202,High Engagement
SM_101162,Instagram,image,Image,Politics,ur,India,10-06-2024 00:00,#trending #news #music #fyp,453101,26653,44336,96034,36.86%,0.99,0,167023,High Engagement
SM_100901,YouTube Shorts,carousel,Carousel,Entertainment,es,UK,13-05-2024 00:00,#tech #music #news,2674457,157321,4375,5284,6.24%,0.57,1,166980,High Engagement
SM_100116,X,carousel,Carousel,Lifestyle,fr,Brazil,18-11-2024 00:00,#tech #viral,640864,40054,47285,79460,26.03%,0.92,0,166799,High Engagement
SM_100643,X,video,Video,Politics,es,UK,10-01-2024 00:00,#funny #trending #tech #music #viral,680652,97236,9890,59660,24.50%,-0.46,0,166786,High Engagement
SM_101188,TikTok,carousel,Carousel,Technology,hi,UK,08-02-2024 00:00,#tech #music #trending #ai,1587340,79367,7194,80078,10.50%,0.99,0,166639,High Engagement
SM_100590,Instagram,video,Video,Entertainment,ur,Brazil,14-02-2024 00:00,#music #trending,1169798,83557,14362,68674,14.24%,-0.08,0,166593,High Engagement
SM_101103,Instagram,text,Text,Sports,es,Pakistan,13-01-2024 00:00,#news #fyp,787720,78772,594,86445,21.05%,0.13,0,165811,High Engagement
SM_101326,YouTube Shorts,text,Text,Politics,es,Brazil,22-01-2024 00:00,#viral #trending #ai #tech #music,1707332,77606,43710,44131,9.69%,-0.59,0,165447,High Engagement
SM_101801,TikTok,carousel,Carousel,Entertainment,es,US,09-01-2024 00:00,#funny #trending #news #tech,161252,23036,42730,99525,102.50%,0,0,165291,High Engagement
SM_100721,YouTube Shorts,carousel,Carousel,Lifestyle,es,Brazil,08-03-2024 00:00,#ai #music #tech #viral #trending,825452,48556,34636,82036,20.02%,-0.12,0,165228,High Engagement
SM_101783,X,text,Text,Entertainment,ur,India,24-11-2024 00:00,#fyp #news #music,676936,29432,46742,89032,24.40%,-0.44,0,165206,High Engagement
SM_100112,TikTok,carousel,Carousel,Sports,hi,Pakistan,21-11-2024 00:00,#music #news #funny,1909980,70740,34916,59032,8.62%,0.86,0,164688,High Engagement
SM_101329,TikTok,video,Video,Entertainment,ur,UK,26-06-2024 00:00,#fyp #viral #tech #trending,2002972,69068,35144,60431,8.22%,-0.35,1,164643,High Engagement
SM_101519,X,image,Image,Education,fr,Brazil,15-12-2024 00:00,#ai #fyp #funny #trending #tech,3043700,121748,25168,17719,5.41%,-0.17,1,164635,High Engagement
SM_100935,YouTube Shorts,text,Text,Lifestyle,hi,US,12-01-2024 00:00,#trending #news,591240,49270,35015,80202,27.82%,0.4,0,164487,High Engagement
SM_100715,X,video,Video,Education,fr,UK,01-09-2024 00:00,#funny #ai #music,1064288,66518,37534,60012,15.42%,0.51,0,164064,High Engagement
SM_101076,TikTok,video,Video,Sports,en,Brazil,19-02-2024 00:00,#fyp #funny #news #music #trending,726765,55905,31354,76778,22.57%,0.5,0,164037,High Engagement
SM_101047,YouTube Shorts,image,Image,Politics,ur,Pakistan,15-06-2024 00:00,#viral #funny,1191768,99314,48405,16280,13.76%,0.84,0,163999,High Engagement
SM_100913,YouTube Shorts,video,Video,Sports,hi,India,29-09-2024 00:00,#music #trending #fyp #ai #funny,768090,76809,30454,56705,21.35%,-0.68,0,163968,High Engagement
SM_101691,X,carousel,Carousel,Entertainment,en,UK,18-08-2024 00:00,#tech #news #trending,1406592,117216,37760,8734,11.64%,0.76,0,163710,High Engagement
SM_101506,X,video,Video,Lifestyle,hi,US,27-05-2024 00:00,#tech #viral #trending #ai,3345440,115360,42297,5630,4.88%,-0.35,1,163287,Low Engagement
SM_100495,YouTube Shorts,carousel,Carousel,Politics,ur,Pakistan,22-07-2024 00:00,#viral #music #funny,779672,97459,23296,41569,20.82%,0.27,0,162324,High Engagement
SM_100134,TikTok,carousel,Carousel,Technology,ur,Brazil,08-07-2024 00:00,#fyp #music,1296309,61729,509,99519,12.48%,-0.83,0,161757,High Engagement
SM_100567,Instagram,image,Image,Entertainment,ur,India,23-02-2024 00:00,#trending #music #viral,1222956,53172,24575,83821,13.21%,0.88,0,161568,High Engagement
SM_100046,TikTok,text,Text,Technology,en,UK,03-06-2024 00:00,#tech #funny #ai,1242312,51763,15713,91907,12.83%,-0.35,0,159383,High Engagement
SM_100843,TikTok,text,Text,Lifestyle,ur,Pakistan,19-01-2024 00:00,#ai #funny #fyp #trending,3164475,126579,27132,5142,5.02%,0.09,1,158853,High Engagement
SM_100189,Instagram,carousel,Carousel,Entertainment,es,US,01-03-2024 00:00,#news #music #funny #tech #fyp,825299,48547,34534,75704,19.24%,-0.34,0,158785,High Engagement
SM_100123,Instagram,video,Video,Politics,fr,India,23-12-2024 00:00,#viral #news #funny,1445500,103250,6736,48137,10.94%,0.67,0,158123,High Engagement
SM_101124,Instagram,carousel,Carousel,Education,fr,Brazil,29-04-2024 00:00,#ai #viral #news #music #tech,1031778,57321,1662,98301,15.24%,-0.79,0,157284,High Engagement
SM_101346,TikTok,carousel,Carousel,Entertainment,en,US,24-05-2024 00:00,#tech #funny #trending,1053396,117044,28391,11696,14.92%,0.96,0,157131,High Engagement
SM_101139,X,image,Image,Sports,hi,India,04-05-2024 00:00,#news #fyp #music #viral #trending,1625955,108397,10343,38347,9.66%,0.66,0,157087,High Engagement
SM_101615,YouTube Shorts,carousel,Carousel,Education,hi,Brazil,30-01-2024 00:00,#fyp #trending,1005459,47879,16890,92245,15.62%,-0.32,0,157014,High Engagement
SM_100810,Instagram,text,Text,Entertainment,hi,Pakistan,13-12-2024 00:00,#tech #viral,1143909,87993,41050,27692,13.70%,0.67,0,156735,High Engagement
SM_100443,TikTok,image,Image,Sports,ur,Brazil,07-04-2024 00:00,#ai #fyp #tech,1318185,119835,24616,12150,11.88%,0.63,0,156601,High Engagement
SM_100739,YouTube Shorts,text,Text,Education,hi,US,30-11-2024 00:00,#viral #funny #ai,1851849,68587,17627,70264,8.45%,0.81,0,156478,High Engagement
SM_100642,Instagram,image,Image,Technology,hi,UK,03-10-2024 00:00,#tech #music #trending,1263900,63195,5379,86711,12.29%,-0.52,0,155285,High Engagement
SM_101524,X,image,Image,Lifestyle,es,Brazil,30-01-2024 00:00,#funny #fyp #music,1292656,80791,40983,33133,11.98%,-0.55,0,154907,High Engagement
SM_100038,Instagram,video,Video,Lifestyle,ur,Brazil,25-04-2024 00:00,#viral #trending #fyp,1654560,68940,46581,39354,9.36%,-0.51,0,154875,High Engagement
SM_101056,Instagram,image,Image,Politics,es,Pakistan,17-10-2024 00:00,#ai #viral #fyp #funny,1584141,121857,1853,31028,9.77%,0.68,0,154738,High Engagement
SM_100573,YouTube Shorts,video,Video,Entertainment,fr,India,19-07-2024 00:00,#trending #tech,4027578,138882,1624,13976,3.84%,0.91,1,154482,Low Engagement
SM_101265,TikTok,image,Image,Lifestyle,en,Pakistan,10-11-2024 00:00,#viral #ai,513288,42774,29127,82477,30.08%,0.15,0,154378,High Engagement
SM_101609,TikTok,text,Text,Entertainment,hi,Brazil,19-06-2024 00:00,#fyp #news,1031295,68753,36934,48292,14.93%,0.36,0,153979,High Engagement
SM_100047,YouTube Shorts,carousel,Carousel,Technology,fr,India,05-04-2024 00:00,#tech #music #news #ai,2590881,112647,6551,34755,5.94%,-0.3,1,153953,High Engagement
SM_101275,Instagram,video,Video,Education,hi,Brazil,14-07-2024 00:00,#music #trending,647704,80963,12760,59873,23.71%,-0.65,0,153596,High Engagement
SM_101676,Instagram,image,Image,Entertainment,en,Pakistan,29-01-2024 00:00,#funny #news #music #tech #ai,269161,15833,46665,91039,57.04%,0.93,0,153537,High Engagement
SM_101127,TikTok,carousel,Carousel,Education,es,US,08-03-2024 00:00,#news #funny #viral #fyp,478149,68307,6524,78271,32.02%,0.66,0,153102,High Engagement
SM_101711,TikTok,video,Video,Lifestyle,fr,Pakistan,11-08-2024 00:00,#ai #viral #funny #tech #music,2299101,109481,27387,15792,6.64%,0.43,1,152660,High Engagement
SM_101431,YouTube Shorts,text,Text,Sports,fr,US,19-08-2024 00:00,#viral #tech,1560383,141853,7372,3229,9.77%,-0.29,0,152454,High Engagement
SM_100031,Instagram,image,Image,Sports,en,UK,24-06-2024 00:00,#trending #viral #tech #ai,1266865,43685,43694,64045,11.95%,-0.79,0,151424,High Engagement
SM_100677,Instagram,text,Text,Sports,es,UK,03-01-2024 00:00,#viral #news #funny,450100,64300,40317,46620,33.60%,0.45,0,151237,High Engagement
SM_100724,X,video,Video,Education,hi,US,25-12-2024 00:00,#fyp #music #trending,2345252,90202,33910,27104,6.45%,0.38,1,151216,High Engagement
SM_100947,YouTube Shorts,video,Video,Entertainment,es,Brazil,10-08-2024 00:00,#viral #fyp #news #ai,2012600,69400,43954,37406,7.49%,0.61,1,150760,High Engagement
SM_100298,Instagram,image,Image,Sports,en,Brazil,07-09-2024 00:00,#viral #news #trending,578540,115708,7569,27346,26.04%,0.77,0,150623,High Engagement
SM_100802,X,text,Text,Sports,ur,India,24-12-2024 00:00,#ai #viral #trending #tech #news,2162840,108142,13984,28329,6.96%,0.27,1,150455,High Engagement
SM_100779,X,image,Image,Sports,es,UK,19-04-2024 00:00,#viral #funny #music #fyp #trending,714540,71454,48866,30117,21.05%,-0.13,0,150437,High Engagement
SM_101583,Instagram,video,Video,Education,en,US,04-01-2024 00:00,#tech #viral #funny,2030444,78094,28671,43482,7.40%,-0.39,1,150247,High Engagement
SM_101355,YouTube Shorts,video,Video,Politics,en,Brazil,05-05-2024 00:00,#news #trending,3444794,118786,3780,27389,4.35%,-0.72,1,149955,Low Engagement
SM_100345,Instagram,carousel,Carousel,Politics,en,India,19-06-2024 00:00,#funny #trending #tech #news #viral,2516562,93206,27087,29242,5.94%,-0.11,1,149535,High Engagement
SM_101408,YouTube Shorts,video,Video,Lifestyle,ur,India,18-04-2024 00:00,#viral #funny,1481454,82303,5845,61248,10.08%,-0.06,0,149396,High Engagement
SM_101850,YouTube Shorts,video,Video,Education,ur,US,11-11-2024 00:00,#news #fyp #ai #tech #funny,1809300,90465,19937,38932,8.25%,-0.88,0,149334,High Engagement
SM_100106,Instagram,image,Image,Lifestyle,es,Pakistan,23-06-2024 00:00,#trending #viral #fyp #ai #music,329400,27450,27477,94298,45.30%,-0.23,0,149225,High Engagement
SM_101261,YouTube Shorts,video,Video,Politics,en,Brazil,12-07-2024 00:00,#news #funny #ai #trending #fyp,1182706,51422,26483,71043,12.59%,0.49,0,148948,High Engagement
SM_100159,TikTok,carousel,Carousel,Education,ur,India,06-07-2024 00:00,#trending #viral #tech #music #funny,3360085,115865,8432,24286,4.42%,0.18,1,148583,Low Engagement
SM_101965,TikTok,text,Text,Education,fr,India,07-12-2024 00:00,#music #tech #news #fyp #ai,1682031,98943,10979,38384,8.82%,-0.8,0,148306,High Engagement
SM_100520,X,video,Video,Education,es,UK,23-08-2024 00:00,#tech #music #news #trending #viral,420784,30056,41737,76296,35.19%,-0.96,0,148089,High Engagement
SM_100278,TikTok,text,Text,Technology,fr,Pakistan,25-04-2024 00:00,#trending #fyp #ai #funny,1713450,114230,1767,31988,8.64%,0.69,0,147985,High Engagement
SM_101889,TikTok,carousel,Carousel,Entertainment,fr,India,15-05-2024 00:00,#viral #tech #ai,941611,85601,45002,16957,15.67%,0.85,0,147560,High Engagement
SM_100284,YouTube Shorts,image,Image,Entertainment,en,Pakistan,14-07-2024 00:00,#tech #ai #viral,1083054,51574,26217,69627,13.61%,-0.73,0,147418,High Engagement
SM_101568,TikTok,text,Text,Sports,en,Brazil,30-09-2024 00:00,#fyp #music #tech,1348347,103719,10571,33086,10.93%,0.43,0,147376,High Engagement
SM_101003,Instagram,video,Video,Politics,es,Pakistan,17-10-2024 00:00,#music #news #ai,2152752,102512,19409,25381,6.84%,-0.45,1,147302,High Engagement
SM_101681,X,image,Image,Technology,fr,US,22-03-2024 00:00,#tech #trending #fyp,2996708,115258,30342,1469,4.91%,-0.89,1,147069,Low Engagement
SM_101799,Instagram,video,Video,Entertainment,en,US,15-02-2024 00:00,#viral #funny #trending #tech #fyp,1756242,97569,46955,2524,8.37%,-0.65,0,147048,High Engagement
SM_101402,X,image,Image,Education,en,US,19-09-2024 00:00,#trending #funny,1145850,76390,26660,43602,12.80%,-0.86,0,146652,High Engagement
SM_100461,X,video,Video,Entertainment,fr,UK,06-04-2024 00:00,#fyp #viral,651060,72340,3718,70588,22.52%,-0.86,0,146646,High Engagement
SM_100945,Instagram,carousel,Carousel,Technology,ur,Brazil,13-10-2024 00:00,#music #ai #fyp,792972,44054,6778,95431,18.44%,0.02,0,146263,High Engagement
SM_100420,TikTok,image,Image,Entertainment,ur,India,25-05-2024 00:00,#fyp #music #tech #funny,2784475,111379,6929,27209,5.23%,0.13,1,145517,High Engagement
SM_100425,YouTube Shorts,text,Text,Lifestyle,en,US,19-01-2024 00:00,#news #tech #trending #fyp,832384,52024,3731,89153,17.41%,0.22,0,144908,High Engagement
SM_101178,X,image,Image,Entertainment,hi,US,17-02-2024 00:00,#news #ai #tech #music #viral,496264,29192,17658,98000,29.19%,0.21,0,144850,High Engagement
SM_100468,X,text,Text,Politics,en,UK,20-04-2024 00:00,#trending #viral #ai #funny,1099504,68719,29333,46480,13.15%,0.96,0,144532,High Engagement
SM_100629,TikTok,carousel,Carousel,Education,fr,Pakistan,27-09-2024 00:00,#viral #ai #fyp,1360530,50390,21130,72955,10.62%,-0.66,0,144475,High Engagement
SM_101249,X,carousel,Carousel,Politics,en,Brazil,09-04-2024 00:00,#fyp #tech #music #funny,651469,50113,8351,85415,22.09%,0.75,0,143879,High Engagement
SM_101386,TikTok,text,Text,Sports,hi,UK,11-01-2024 00:00,#news #music,130905,26181,24359,93298,109.88%,0.64,0,143838,High Engagement
SM_101766,YouTube Shorts,carousel,Carousel,Sports,fr,US,11-12-2024 00:00,#ai #fyp #tech,1866192,77758,34845,31008,7.70%,0.09,0,143611,High Engagement
SM_100600,YouTube Shorts,carousel,Carousel,Education,en,UK,29-12-2024 00:00,#music #trending,2390850,103950,32663,6853,6.00%,-0.61,1,143466,High Engagement
SM_100985,YouTube Shorts,video,Video,Politics,hi,Brazil,11-02-2024 00:00,#trending #tech #funny #ai #music,1598360,79918,49058,14335,8.97%,-0.38,0,143311,High Engagement
SM_100269,YouTube Shorts,carousel,Carousel,Politics,en,India,14-06-2024 00:00,#ai #tech,3211925,128477,12880,1623,4.45%,-0.98,1,142980,Low Engagement
SM_101765,Instagram,image,Image,Lifestyle,ur,Brazil,18-05-2024 00:00,#music #trending #ai #tech #viral,2138515,125795,3518,13336,6.67%,0.17,1,142649,High Engagement
SM_100113,Instagram,video,Video,Technology,es,India,03-08-2024 00:00,#ai #funny,1662552,61576,44816,36209,8.58%,0.5,0,142601,High Engagement
SM_100500,TikTok,image,Image,Entertainment,hi,Pakistan,13-10-2024 00:00,#viral #tech #ai #news #fyp,2064771,76473,3721,61950,6.88%,-0.17,1,142144,High Engagement
SM_100521,TikTok,image,Image,Sports,en,Brazil,30-12-2024 00:00,#trending #tech #funny,946980,78915,39284,23889,15.00%,0.54,0,142088,High Engagement
SM_100473,X,text,Text,Entertainment,hi,Brazil,02-09-2024 00:00,#funny #tech #news #ai #trending,1200680,120068,11028,10700,11.81%,-0.68,0,141796,High Engagement
SM_100490,YouTube Shorts,image,Image,Education,hi,US,30-06-2024 00:00,#music #trending #viral,424185,28279,35267,78214,33.42%,0.24,0,141760,High Engagement
SM_100320,X,carousel,Carousel,Technology,fr,US,14-02-2024 00:00,#funny #viral #ai,306194,43742,32289,65161,46.11%,0.91,0,141192,High Engagement
SM_101844,YouTube Shorts,carousel,Carousel,Technology,ur,UK,21-02-2024 00:00,#funny #fyp #trending,2278633,99071,3375,38745,6.20%,-0.51,1,141191,High Engagement
SM_100565,X,carousel,Carousel,Entertainment,ur,US,09-04-2024 00:00,#trending #funny #fyp #ai #news,49994,3571,41801,95805,282.39%,-0.33,0,141177,High Engagement
SM_101831,X,carousel,Carousel,Education,hi,India,23-12-2024 00:00,#music #ai #fyp,368192,23012,36924,80772,38.22%,-0.51,0,140708,High Engagement
SM_100993,Instagram,carousel,Carousel,Sports,es,Pakistan,17-11-2024 00:00,#viral #funny #fyp #news #tech,637497,30357,14216,95990,22.05%,-0.08,0,140563,High Engagement
SM_100474,X,video,Video,Education,fr,India,21-01-2024 00:00,#fyp #news,2607286,118513,16168,5783,5.39%,-0.32,1,140464,High Engagement
SM_101392,X,image,Image,Technology,en,US,08-04-2024 00:00,#funny #fyp #trending #ai #tech,167328,9296,43464,87246,83.67%,-0.11,0,140006,High Engagement
SM_101181,TikTok,text,Text,Entertainment,fr,Brazil,21-05-2024 00:00,#fyp #music #trending,907120,45356,25102,69346,15.41%,-0.94,0,139804,High Engagement
SM_101437,X,text,Text,Entertainment,es,US,27-10-2024 00:00,#music #news #funny #trending,895225,35809,43622,60140,15.59%,-0.59,0,139571,High Engagement
SM_101719,Instagram,image,Image,Education,hi,Brazil,17-10-2024 00:00,#viral #trending #tech #fyp,1161270,50490,29510,59558,12.02%,-0.18,0,139558,High Engagement
SM_101622,X,text,Text,Technology,fr,US,07-05-2024 00:00,#viral #funny #fyp #trending,514386,28577,24575,86374,27.12%,0.88,0,139526,High Engagement
SM_101941,Instagram,carousel,Carousel,Entertainment,es,India,18-03-2024 00:00,#funny #trending #news #ai,443040,17040,24008,98409,31.48%,-0.56,0,139457,High Engagement
SM_101896,Instagram,image,Image,Lifestyle,es,Pakistan,26-07-2024 00:00,#funny #tech #viral #news,511904,63988,13755,61294,27.16%,0.91,0,139037,High Engagement
SM_100216,YouTube Shorts,video,Video,Technology,en,Brazil,14-03-2024 00:00,#ai #viral,1354444,96746,17591,24520,10.25%,-0.72,0,138857,High Engagement
SM_100000,Instagram,text,Text,Sports,ur,UK,10-12-2024 00:00,#tech #funny #music,2319102,122058,15800,861,5.98%,0.46,1,138719,High Engagement
SM_100532,X,video,Video,Politics,hi,Brazil,10-11-2024 00:00,#fyp #ai #funny #music #tech,943575,37743,43955,56850,14.68%,0.51,0,138548,High Engagement
SM_100118,X,carousel,Carousel,Entertainment,ur,Brazil,26-02-2024 00:00,#viral #ai #tech,988646,52034,32312,54099,14.00%,-0.83,0,138445,High Engagement
SM_100138,YouTube Shorts,text,Text,Education,fr,UK,10-04-2024 00:00,#fyp #music #ai #tech,2397465,114165,6195,17641,5.76%,0.39,1,138001,High Engagement
SM_101930,Instagram,text,Text,Education,ur,Pakistan,24-02-2024 00:00,#fyp #tech #viral #funny,2095578,77614,24604,35772,6.58%,0.72,1,137990,High Engagement
SM_101340,Instagram,image,Image,Politics,hi,Brazil,26-09-2024 00:00,#ai #tech #fyp,576785,52435,32484,52950,23.90%,-0.74,0,137869,High Engagement
SM_101650,YouTube Shorts,image,Image,Education,fr,Brazil,15-04-2024 00:00,#ai #trending #music #tech,494520,61815,10742,65141,27.84%,-0.62,0,137698,High Engagement
SM_100364,Instagram,image,Image,Entertainment,en,Brazil,15-03-2024 00:00,#ai #fyp #music #viral #trending,772656,64388,20586,52649,17.81%,0.45,0,137623,High Engagement
SM_100535,X,video,Video,Lifestyle,hi,US,14-03-2024 00:00,#ai #fyp,1510730,58105,20719,58713,9.10%,0.08,0,137537,High Engagement
SM_100194,Instagram,carousel,Carousel,Entertainment,fr,US,29-10-2024 00:00,#funny #trending #news #fyp,247335,16489,41432,79580,55.59%,0.73,0,137501,High Engagement
SM_101582,YouTube Shorts,image,Image,Technology,en,UK,02-04-2024 00:00,#funny #music,2429304,101221,3837,32333,5.66%,-0.55,1,137391,High Engagement
SM_100208,Instagram,carousel,Carousel,Technology,hi,Pakistan,04-07-2024 00:00,#fyp #ai #viral #news #music,787392,87488,8012,41833,17.44%,-0.6,0,137333,High Engagement
SM_101070,X,image,Image,Lifestyle,en,UK,27-11-2024 00:00,#tech #fyp #viral #funny,267638,38234,27328,71763,51.31%,-0.72,0,137325,High Engagement
SM_100114,Instagram,video,Video,Technology,hi,US,11-09-2024 00:00,#fyp #trending #viral #tech,2372076,112956,2919,21353,5.79%,0.07,1,137228,High Engagement
SM_100794,X,carousel,Carousel,Politics,en,Pakistan,07-08-2024 00:00,#ai #music,982163,75551,42557,18991,13.96%,0.38,0,137099,High Engagement
SM_101154,TikTok,text,Text,Technology,fr,Pakistan,20-04-2024 00:00,#trending #viral #tech #news,547008,22792,23867,90397,25.06%,0.47,0,137056,High Engagement
SM_101293,TikTok,text,Text,Technology,ur,India,06-05-2024 00:00,#music #funny,1427320,83960,31339,21399,9.58%,-0.55,0,136698,High Engagement
SM_101046,Instagram,video,Video,Politics,en,India,22-08-2024 00:00,#ai #music,743808,92976,341,42934,18.32%,-0.08,0,136251,High Engagement
SM_101654,X,image,Image,Sports,hi,UK,22-09-2024 00:00,#viral #music #funny #news,30800,1232,38264,96613,441.91%,0.09,0,136109,High Engagement
SM_101627,Instagram,image,Image,Technology,ur,UK,09-11-2024 00:00,#viral #fyp #news #tech,1593592,61292,48738,25994,8.54%,-0.63,0,136024,High Engagement
SM_100727,TikTok,video,Video,Lifestyle,hi,India,22-07-2024 00:00,#viral #trending #tech #news,411271,58753,20541,56623,33.05%,1,0,135917,High Engagement
SM_100157,X,text,Text,Education,ur,US,23-06-2024 00:00,#trending #viral,1015223,92293,36192,7240,13.37%,0.34,0,135725,High Engagement
SM_100022,Instagram,image,Image,Lifestyle,fr,Brazil,15-05-2024 00:00,#ai #news,1255056,104588,22667,8393,10.81%,-0.1,0,135648,High Engagement
SM_101400,YouTube Shorts,carousel,Carousel,Lifestyle,es,India,23-01-2024 00:00,#ai #news,163746,9097,40571,85712,82.68%,-0.04,0,135380,High Engagement
SM_101961,TikTok,text,Text,Technology,en,India,05-04-2024 00:00,#music #tech #trending #news,635568,26482,11144,97597,21.28%,0.75,0,135223,High Engagement
SM_101436,YouTube Shorts,carousel,Carousel,Politics,es,India,12-07-2024 00:00,#music #fyp,439263,25839,21214,87969,30.74%,0.24,0,135022,High Engagement
SM_101570,TikTok,carousel,Carousel,Entertainment,hi,Brazil,03-07-2024 00:00,#news #fyp #viral #funny #trending,570809,33577,48630,52710,23.64%,0.48,0,134917,High Engagement
SM_100070,Instagram,video,Video,Education,es,Brazil,29-10-2024 00:00,#trending #music #viral #tech,3102975,124119,195,10493,4.34%,-0.62,1,134807,Low Engagement
SM_100226,Instagram,text,Text,Technology,es,India,27-08-2024 00:00,#music #trending #news #ai,2063475,76425,44170,13000,6.47%,-0.08,1,133595,High Engagement
SM_101192,TikTok,text,Text,Politics,hi,Brazil,07-03-2024 00:00,#tech #news #music #ai,558112,34882,20178,78534,23.94%,-0.35,0,133594,High Engagement
SM_100304,X,carousel,Carousel,Technology,fr,Brazil,09-11-2024 00:00,#fyp #ai #funny #music #trending,2531352,105473,24579,3431,5.27%,0.48,1,133483,High Engagement
SM_100815,YouTube Shorts,text,Text,Technology,hi,Pakistan,13-05-2024 00:00,#viral #music #ai,1847421,68423,23821,40696,7.20%,0.84,0,132940,High Engagement
SM_101123,Instagram,carousel,Carousel,Sports,hi,Pakistan,30-05-2024 00:00,#music #funny #viral #fyp,1002618,37134,40322,55469,13.26%,0.67,0,132925,High Engagement
SM_100460,TikTok,text,Text,Sports,en,US,01-02-2024 00:00,#tech #news #ai #funny,601964,54724,10111,68009,22.07%,-0.86,0,132844,High Engagement
SM_101923,X,text,Text,Technology,ur,UK,23-01-2024 00:00,#news #viral #trending,1229492,111772,9782,11250,10.80%,-0.6,0,132804,High Engagement
SM_101586,TikTok,image,Image,Politics,ur,Pakistan,12-01-2024 00:00,#trending #viral,1622208,57936,7440,67085,8.17%,-0.08,0,132461,High Engagement
SM_101170,X,text,Text,Lifestyle,fr,Pakistan,08-06-2024 00:00,#viral #ai #funny #fyp,10500,420,37427,94172,1257.32%,0.53,0,132019,High Engagement
SM_101472,Instagram,carousel,Carousel,Entertainment,en,US,06-04-2024 00:00,#ai #funny,453629,41239,49388,41303,29.08%,-0.12,0,131930,High Engagement
SM_101009,X,text,Text,Entertainment,en,Pakistan,27-11-2024 00:00,#funny #fyp #ai #viral #news,1375218,105786,22620,3328,9.58%,0.99,0,131734,High Engagement
SM_100459,TikTok,image,Image,Lifestyle,ur,US,05-08-2024 00:00,#funny #viral #news,86961,12423,45804,73380,151.34%,-0.2,0,131607,High Engagement
SM_101201,YouTube Shorts,image,Image,Education,ur,UK,02-08-2024 00:00,#viral #trending #music,2289546,84798,15965,30792,5.75%,-0.04,1,131555,High Engagement
SM_100680,YouTube Shorts,video,Video,Technology,es,India,08-04-2024 00:00,#tech #trending #viral,2553525,94575,2287,34625,5.15%,0.15,1,131487,High Engagement
SM_101963,YouTube Shorts,image,Image,Education,es,Brazil,03-11-2024 00:00,#fyp #viral #funny,1619332,62282,26945,42250,8.12%,-0.75,0,131477,High Engagement
SM_100388,YouTube Shorts,carousel,Carousel,Entertainment,ur,India,15-04-2024 00:00,#trending #tech #funny #news,190110,31685,22020,77540,69.04%,0.2,0,131245,High Engagement
SM_101803,X,carousel,Carousel,Technology,ur,Pakistan,06-07-2024 00:00,#ai #news,3275397,121311,9068,835,4.01%,0.79,1,131214,Low Engagement
SM_101845,YouTube Shorts,carousel,Carousel,Lifestyle,hi,Brazil,09-07-2024 00:00,#funny #trending #ai,1463530,86090,41386,3651,8.96%,-0.47,0,131127,High Engagement
SM_100562,YouTube Shorts,text,Text,Politics,fr,UK,13-01-2024 00:00,#news #fyp #music #ai,169435,33887,21626,75565,77.36%,-0.16,0,131078,High Engagement
SM_100213,X,text,Text,Entertainment,es,India,22-11-2024 00:00,#tech #ai #music #news #trending,2989146,103074,18579,9185,4.38%,-0.29,1,130838,Low Engagement
SM_100895,TikTok,text,Text,Lifestyle,en,Brazil,25-11-2024 00:00,#tech #ai #funny,59332,4238,35197,91177,220.14%,0.4,0,130612,High Engagement
SM_100289,TikTok,video,Video,Lifestyle,fr,Pakistan,14-10-2024 00:00,#news #fyp #trending #viral,1085756,77554,25069,27936,12.02%,0.18,0,130559,High Engagement
SM_100990,YouTube Shorts,image,Image,Education,en,US,10-09-2024 00:00,#music #trending #news,802560,33440,39855,56985,16.23%,0.14,0,130280,High Engagement
SM_100492,Instagram,text,Text,Sports,es,Brazil,19-12-2024 00:00,#fyp #tech #ai #trending #news,645195,43013,31502,55678,20.18%,0.51,0,130193,High Engagement
SM_101256,TikTok,video,Video,Sports,hi,US,20-03-2024 00:00,#tech #trending,572083,19727,18570,91562,22.70%,-0.11,0,129859,High Engagement
SM_100592,YouTube Shorts,text,Text,Education,hi,Pakistan,07-05-2024 00:00,#tech #fyp #news #ai #music,1038394,74171,24492,30652,12.45%,0.96,0,129315,High Engagement
SM_100871,YouTube Shorts,text,Text,Technology,hi,US,29-05-2024 00:00,#fyp #news,1558722,82038,21210,26050,8.30%,-0.24,0,129298,High Engagement
SM_101763,YouTube Shorts,text,Text,Technology,ur,India,15-04-2024 00:00,#fyp #trending #tech,1011388,36121,3787,88878,12.73%,-0.62,0,128786,High Engagement
SM_100410,Instagram,carousel,Carousel,Lifestyle,en,India,25-10-2024 00:00,#music #funny,221040,9210,40368,79142,58.23%,-0.75,0,128720,High Engagement
SM_100878,TikTok,video,Video,Sports,ur,UK,10-12-2024 00:00,#news #fyp #music #tech,1736462,59878,45838,22626,7.39%,0.48,0,128342,High Engagement
SM_101730,YouTube Shorts,carousel,Carousel,Sports,hi,Brazil,12-07-2024 00:00,#viral #funny,1642128,68422,33643,25989,7.80%,0.08,0,128054,High Engagement
SM_100104,Instagram,text,Text,Education,fr,US,11-06-2024 00:00,#ai #viral #trending #tech,1412462,83086,24112,20765,9.06%,-0.57,0,127963,High Engagement
SM_100614,X,video,Video,Technology,en,UK,08-11-2024 00:00,#news #funny #trending,1532240,95765,650,30931,8.31%,0.98,0,127346,High Engagement
SM_100331,YouTube Shorts,video,Video,Technology,es,Pakistan,31-03-2024 00:00,#ai #fyp,1145584,49808,9022,68345,11.10%,0.76,0,127175,High Engagement
SM_101533,TikTok,image,Image,Education,es,US,30-03-2024 00:00,#fyp #viral #tech #music #funny,569685,37979,39525,49598,22.31%,0.07,0,127102,High Engagement
SM_100482,Instagram,text,Text,Lifestyle,hi,US,21-07-2024 00:00,#tech #funny #news,1014025,40561,8269,78223,12.53%,-0.95,0,127053,High Engagement
SM_101796,Instagram,text,Text,Sports,hi,India,29-10-2024 00:00,#news #viral #tech #ai,353880,39320,7647,79972,35.87%,-0.79,0,126939,High Engagement
SM_100772,TikTok,text,Text,Entertainment,hi,US,04-11-2024 00:00,#funny #music,1064319,62607,2105,61998,11.91%,-0.24,0,126710,High Engagement
SM_100239,Instagram,image,Image,Entertainment,es,UK,22-03-2024 00:00,#funny #trending #fyp #tech,1092364,42014,4976,79027,11.54%,-0.65,0,126017,High Engagement
SM_100330,TikTok,image,Image,Sports,hi,UK,18-10-2024 00:00,#tech #trending #funny #viral,763114,69374,2474,53948,16.48%,0.76,0,125796,High Engagement
SM_100316,X,carousel,Carousel,Politics,es,UK,10-09-2024 00:00,#fyp #funny #ai #tech,1077972,76998,18302,30449,11.67%,0.03,0,125749,High Engagement
SM_101000,X,text,Text,Entertainment,fr,UK,14-04-2024 00:00,#news #viral #music #tech,1318262,59921,21138,44436,9.52%,0.56,0,125495,High Engagement
SM_101320,TikTok,text,Text,Technology,hi,UK,27-02-2024 00:00,#news #ai,365120,13040,16937,95306,34.31%,-0.92,0,125283,High Engagement
SM_100922,YouTube Shorts,image,Image,Politics,fr,Pakistan,04-11-2024 00:00,#music #funny #viral #ai,122591,17513,48119,59501,102.07%,-0.3,0,125133,High Engagement
SM_100212,X,video,Video,Education,ur,UK,20-11-2024 00:00,#viral #tech #music #fyp #ai,398110,39811,11959,73341,31.43%,0.08,0,125111,High Engagement
SM_100092,X,video,Video,Politics,es,Pakistan,11-02-2024 00:00,#ai #funny #trending #tech #viral,119448,17064,47898,59639,104.31%,-0.51,0,124601,High Engagement
SM_101396,YouTube Shorts,image,Image,Politics,fr,Brazil,14-06-2024 00:00,#funny #viral #tech,359970,35997,30935,57234,34.49%,-0.17,0,124166,High Engagement
SM_100223,Instagram,image,Image,Lifestyle,fr,US,20-02-2024 00:00,#ai #news #fyp,506346,84391,35664,3757,24.45%,-0.98,0,123812,High Engagement
SM_101539,X,image,Image,Sports,en,US,09-12-2024 00:00,#tech #viral #news #music,821240,58660,47345,17795,15.07%,0.16,0,123800,High Engagement
SM_100403,Instagram,video,Video,Politics,fr,Brazil,06-07-2024 00:00,#viral #news #fyp #tech #music,498845,26255,14140,83311,24.80%,0.12,0,123706,High Engagement
SM_100817,X,carousel,Carousel,Lifestyle,fr,Brazil,18-07-2024 00:00,#tech #news #ai #funny,2060256,85844,28487,9172,5.99%,0.51,1,123503,High Engagement
SM_100942,X,carousel,Carousel,Technology,en,UK,26-06-2024 00:00,#ai #fyp,1276000,51040,32135,40143,9.66%,-0.56,0,123318,High Engagement
SM_100097,TikTok,image,Image,Technology,fr,Pakistan,29-03-2024 00:00,#ai #viral #news,828814,59201,37225,26647,14.85%,0.9,0,123073,High Engagement
SM_100306,X,image,Image,Entertainment,ur,Brazil,21-06-2024 00:00,#ai #trending,715286,32513,34806,55620,17.19%,-0.53,0,122939,High Engagement
SM_100808,Instagram,carousel,Carousel,Entertainment,es,UK,29-03-2024 00:00,#tech #music #funny,1450707,76353,36196,10212,8.46%,-0.54,0,122761,High Engagement
SM_100422,TikTok,carousel,Carousel,Lifestyle,en,India,10-08-2024 00:00,#news #funny #trending #fyp #music,673095,29265,1672,91750,18.23%,0.62,0,122687,High Engagement
SM_101823,Instagram,text,Text,Sports,hi,India,11-12-2024 00:00,#news #funny #music #viral,1530522,72882,31472,18303,8.01%,0.78,0,122657,High Engagement
SM_100243,Instagram,video,Video,Sports,es,Pakistan,21-01-2024 00:00,#viral #ai #music,517816,19916,49845,52854,23.68%,-0.83,0,122615,High Engagement
SM_100036,Instagram,video,Video,Entertainment,fr,UK,10-11-2024 00:00,#ai #trending #music #viral #news,198531,22059,5535,94857,61.68%,0.39,0,122451,High Engagement
SM_100541,YouTube Shorts,carousel,Carousel,Sports,es,Brazil,26-06-2024 00:00,#trending #viral #tech #music,678564,56547,36073,29807,18.04%,-0.08,0,122427,High Engagement
SM_100591,YouTube Shorts,video,Video,Politics,fr,Brazil,18-11-2024 00:00,#ai #tech,1058321,96211,12727,12925,11.51%,0.09,0,121863,High Engagement
SM_101517,YouTube Shorts,video,Video,Education,hi,India,28-01-2024 00:00,#trending #fyp #news #viral,720839,102977,15344,3492,16.90%,0.39,0,121813,High Engagement
SM_101852,TikTok,carousel,Carousel,Entertainment,es,UK,29-12-2024 00:00,#funny #fyp #trending #ai #news,125120,15640,35681,70249,97.16%,-0.9,0,121570,High Engagement
SM_100332,TikTok,carousel,Carousel,Technology,en,US,11-02-2024 00:00,#trending #fyp #news #viral #ai,1175235,78349,40334,2720,10.33%,-0.54,0,121403,High Engagement
SM_100294,Instagram,video,Video,Sports,ur,India,10-10-2024 00:00,#music #tech #ai,784665,37365,17855,66151,15.47%,0.3,0,121371,High Engagement
SM_100496,TikTok,video,Video,Politics,en,India,02-07-2024 00:00,#viral #music #tech #ai,604153,54923,23317,43109,20.09%,-0.56,0,121349,High Engagement
SM_101795,X,video,Video,Technology,en,US,14-08-2024 00:00,#news #fyp #funny,284018,20287,2332,97928,42.44%,0.78,0,120547,High Engagement
SM_101031,Instagram,carousel,Carousel,Entertainment,ur,UK,29-04-2024 00:00,#ai #tech #funny,726902,66082,36688,17619,16.56%,-0.77,0,120389,High Engagement
SM_101129,X,video,Video,Sports,fr,Pakistan,15-10-2024 00:00,#viral #news #trending #tech #funny,395604,43956,33581,41939,30.20%,0.71,0,119476,High Engagement
SM_100626,TikTok,carousel,Carousel,Education,hi,Brazil,14-03-2024 00:00,#music #viral #tech,2575800,103032,6375,9529,4.62%,-0.18,1,118936,Low Engagement
SM_101461,Instagram,text,Text,Entertainment,en,Brazil,28-11-2024 00:00,#tech #news #fyp #funny #trending,1426304,89144,9050,20117,8.29%,-0.31,0,118311,High Engagement
SM_101286,TikTok,video,Video,Politics,en,UK,05-11-2024 00:00,#trending #tech,40810,5830,13926,98431,289.60%,-0.08,0,118187,High Engagement
SM_101589,Instagram,text,Text,Technology,ur,Brazil,16-06-2024 00:00,#music #tech #viral #trending #funny,159630,26605,36718,54388,73.74%,-0.11,0,117711,High Engagement
SM_101483,TikTok,video,Video,Entertainment,fr,India,20-11-2024 00:00,#viral #trending,966112,60382,47806,9466,12.18%,0.81,0,117654,High Engagement
SM_101682,X,video,Video,Lifestyle,hi,Brazil,03-05-2024 00:00,#news #tech #ai #viral #music,434130,72355,16368,28719,27.05%,-0.51,0,117442,High Engagement
SM_101948,TikTok,image,Image,Sports,ur,Brazil,16-05-2024 00:00,#trending #news #funny #ai #music,346472,43309,31644,42488,33.90%,0.33,0,117441,High Engagement
SM_101559,YouTube Shorts,video,Video,Sports,hi,India,21-10-2024 00:00,#trending #fyp,813813,62601,14271,39423,14.29%,0.73,0,116295,High Engagement
SM_100043,TikTok,text,Text,Sports,fr,US,11-06-2024 00:00,#ai #trending #news #viral,705670,70567,32975,12689,16.47%,-0.26,0,116231,High Engagement
SM_101218,X,video,Video,Politics,fr,Brazil,27-07-2024 00:00,#music #news #ai #funny #trending,43848,1566,30776,83887,265.07%,-0.85,0,116229,High Engagement
SM_101033,TikTok,image,Image,Technology,es,Pakistan,18-07-2024 00:00,#trending #tech #music,561918,33054,47453,35304,20.61%,0.78,0,115811,High Engagement
SM_101573,Instagram,carousel,Carousel,Politics,ur,US,13-10-2024 00:00,#funny #trending #music #news,1440656,90041,11831,13891,8.04%,-0.03,0,115763,High Engagement
SM_100186,X,carousel,Carousel,Sports,en,India,05-02-2024 00:00,#fyp #tech,1562788,82252,26739,6372,7.38%,0.47,0,115363,High Engagement
SM_100372,Instagram,carousel,Carousel,Politics,ur,US,01-12-2024 00:00,#viral #ai #news #fyp #trending,358029,51147,6095,57661,32.09%,0.79,0,114903,High Engagement
SM_100151,YouTube Shorts,text,Text,Sports,fr,UK,20-10-2024 00:00,#ai #trending #funny #fyp,2641750,105670,8707,385,4.34%,-0.89,1,114762,Low Engagement
SM_100714,YouTube Shorts,text,Text,Entertainment,fr,Brazil,01-04-2024 00:00,#funny #music,739184,46199,1965,66094,15.46%,0.94,0,114258,High Engagement
SM_101510,X,image,Image,Education,ur,Pakistan,01-01-2024 00:00,#funny #trending #ai #music,1131620,80830,4956,28334,10.08%,0.35,0,114120,High Engagement
SM_101161,X,carousel,Carousel,Sports,ur,UK,16-11-2024 00:00,#news #funny,423960,28264,25496,59223,26.65%,-0.28,0,112983,High Engagement
SM_101496,X,carousel,Carousel,Sports,hi,Brazil,11-01-2024 00:00,#music #viral #funny #news #trending,104680,20936,24836,66544,107.29%,-0.83,0,112316,High Engagement
SM_100787,TikTok,text,Text,Education,fr,UK,13-05-2024 00:00,#fyp #news #viral #music #ai,639171,49167,41480,21608,17.56%,-0.52,0,112255,High Engagement
SM_100390,YouTube Shorts,carousel,Carousel,Sports,ur,UK,21-08-2024 00:00,#news #tech,931238,42329,21121,48365,12.01%,0.26,0,111815,High Engagement
SM_100733,Instagram,carousel,Carousel,Education,hi,India,22-11-2024 00:00,#viral #music #ai,542890,54289,48516,8606,20.52%,-0.39,0,111411,High Engagement
SM_101304,X,carousel,Carousel,Sports,en,UK,20-02-2024 00:00,#music #news,474579,22599,37021,51629,23.44%,0.72,0,111249,High Engagement
SM_100171,TikTok,text,Text,Technology,hi,UK,25-09-2024 00:00,#ai #fyp #funny #trending,169197,24171,45420,41241,65.50%,0.75,0,110832,High Engagement
SM_100631,Instagram,video,Video,Entertainment,ur,India,17-08-2024 00:00,#viral #tech #music #fyp,606312,86616,9036,15038,18.26%,-0.17,0,110690,High Engagement
SM_101717,X,video,Video,Technology,es,US,09-05-2024 00:00,#fyp #news #funny,667786,47699,17402,45407,16.55%,0.85,0,110508,High Engagement
SM_101651,X,text,Text,Education,ur,India,11-08-2024 00:00,#news #fyp,354256,50608,19648,38968,30.83%,-0.39,0,109224,High Engagement
SM_101144,YouTube Shorts,carousel,Carousel,Education,ur,US,15-09-2024 00:00,#ai #news #fyp,1506909,79311,4591,25007,7.23%,-0.92,0,108909,High Engagement
SM_100281,X,image,Image,Lifestyle,hi,India,07-10-2024 00:00,#trending #news #viral,409296,34108,65,74667,26.59%,-0.13,0,108840,High Engagement
SM_101608,Instagram,text,Text,Politics,en,India,17-12-2024 00:00,#trending #ai #music,420090,38190,11237,59413,25.91%,0.95,0,108840,High Engagement
SM_101838,Instagram,carousel,Carousel,Entertainment,es,Pakistan,06-12-2024 00:00,#fyp #trending #tech,966399,56847,45717,6274,11.26%,0.26,0,108838,High Engagement
SM_100846,TikTok,carousel,Carousel,Technology,hi,India,16-06-2024 00:00,#music #trending,1452927,69187,12302,27129,7.48%,0.2,0,108618,High Engagement
SM_101474,X,carousel,Carousel,Education,ur,US,30-10-2024 00:00,#fyp #tech,1509014,58039,20919,29554,7.19%,0.31,0,108512,High Engagement
SM_100538,YouTube Shorts,text,Text,Politics,fr,India,06-06-2024 00:00,#news #ai #funny #viral,537342,20667,29744,57805,20.14%,0.08,0,108216,High Engagement
SM_100736,TikTok,carousel,Carousel,Lifestyle,hi,Pakistan,29-03-2024 00:00,#funny #news #viral,464751,22131,5190,80808,23.27%,0,0,108129,High Engagement
SM_100516,X,video,Video,Entertainment,ur,Brazil,31-07-2024 00:00,#fyp #trending #music #tech,1463490,63630,36229,7789,7.36%,-0.86,0,107648,High Engagement
SM_101307,Instagram,image,Image,Sports,ur,UK,12-03-2024 00:00,#viral #tech,165384,27564,42629,37345,65.02%,-0.64,0,107538,High Engagement
SM_100875,TikTok,text,Text,Technology,hi,India,07-02-2024 00:00,#music #viral #trending #ai #funny,728182,52013,29245,25992,14.73%,-0.64,0,107250,High Engagement
SM_100685,YouTube Shorts,video,Video,Education,fr,Pakistan,01-10-2024 00:00,#ai #music #trending #news #viral,252889,36127,28016,42850,42.31%,-0.1,0,106993,High Engagement
SM_101672,YouTube Shorts,image,Image,Sports,hi,Brazil,17-09-2024 00:00,#music #ai #viral #fyp #funny,644406,46029,34922,26029,16.60%,0.82,0,106980,High Engagement
SM_100608,X,carousel,Carousel,Lifestyle,es,Brazil,30-11-2024 00:00,#fyp #music #news,1040026,40001,11210,55662,10.28%,0.71,0,106873,High Engagement
SM_101723,TikTok,video,Video,Education,es,UK,22-09-2024 00:00,#fyp #trending #news #funny,691952,86494,3076,16940,15.39%,-0.84,0,106510,High Engagement
SM_101273,X,text,Text,Lifestyle,en,UK,14-02-2024 00:00,#music #funny #ai,1481059,51071,27286,28092,7.19%,-0.89,0,106449,High Engagement
SM_101190,Instagram,carousel,Carousel,Sports,ur,US,24-12-2024 00:00,#news #viral #music #trending,1364505,80265,8391,17047,7.75%,-0.46,0,105703,High Engagement
SM_101532,TikTok,image,Image,Lifestyle,en,US,25-11-2024 00:00,#tech #music #viral #trending,151850,30370,10391,64818,69.53%,-0.78,0,105579,High Engagement
SM_101463,Instagram,text,Text,Politics,es,Pakistan,04-02-2024 00:00,#music #funny #trending,135400,13540,45470,46502,77.93%,-0.93,0,105512,High Engagement
SM_100544,Instagram,carousel,Carousel,Technology,hi,US,13-11-2024 00:00,#trending #fyp #music,1226808,68156,3086,34197,8.59%,0.23,0,105439,High Engagement
SM_101180,YouTube Shorts,text,Text,Politics,es,India,04-06-2024 00:00,#music #funny,712985,54845,44637,5544,14.73%,-0.07,0,105026,High Engagement
SM_101314,Instagram,image,Image,Education,ur,UK,24-12-2024 00:00,#trending #news #fyp,1775280,73970,24167,6009,5.87%,0.41,0,104146,High Engagement
SM_100341,TikTok,carousel,Carousel,Technology,en,Pakistan,06-07-2024 00:00,#funny #viral #news #trending,2063852,73709,9082,20954,5.03%,-0.91,1,103745,High Engagement
SM_100227,TikTok,image,Image,Sports,ur,Pakistan,02-11-2024 00:00,#news #trending #tech,1295009,76177,24943,2444,8.00%,-0.72,0,103564,High Engagement
SM_100758,TikTok,text,Text,Technology,ur,UK,10-10-2024 00:00,#funny #tech #music #news,433216,15472,29801,58273,23.90%,0.52,0,103546,High Engagement
SM_101450,YouTube Shorts,text,Text,Technology,en,US,01-01-2024 00:00,#funny #news #ai #viral,241563,34509,49628,19325,42.83%,-0.39,0,103462,High Engagement
SM_100466,TikTok,text,Text,Lifestyle,fr,Brazil,22-12-2024 00:00,#tech #ai #viral,815632,42928,48609,10527,12.51%,-0.6,0,102064,High Engagement
SM_101645,TikTok,text,Text,Sports,en,Pakistan,27-10-2024 00:00,#funny #viral #news #trending #ai,431578,61654,17711,22341,23.57%,-0.67,0,101706,High Engagement
SM_101421,TikTok,text,Text,Politics,ur,Pakistan,27-02-2024 00:00,#ai #tech #viral,1179056,73691,4659,22635,8.56%,-0.9,0,100985,High Engagement
SM_101269,X,text,Text,Education,ur,Pakistan,31-10-2024 00:00,#trending #tech #viral #ai #funny,208677,9937,38604,52152,48.25%,-0.85,0,100693,High Engagement
SM_100926,Instagram,image,Image,Lifestyle,ur,Pakistan,13-12-2024 00:00,#music #fyp #trending #ai,442681,23299,44594,32116,22.59%,-0.02,0,100009,High Engagement
SM_100751,YouTube Shorts,text,Text,Sports,fr,Brazil,16-12-2024 00:00,#news #trending,626510,62651,14092,22441,15.83%,-0.51,0,99184,High Engagement
SM_101214,YouTube Shorts,text,Text,Sports,hi,India,15-01-2024 00:00,#trending #funny #music,1065042,39446,4880,54479,9.28%,-0.53,0,98805,High Engagement
SM_100187,TikTok,text,Text,Politics,en,India,16-04-2024 00:00,#trending #ai #music #funny,273210,13010,7948,77736,36.12%,0.13,0,98694,High Engagement
SM_101984,Instagram,video,Video,Education,ur,India,19-02-2024 00:00,#tech #funny #news,180852,12918,22691,63002,54.53%,0.07,0,98611,High Engagement
SM_100983,X,image,Image,Entertainment,en,Pakistan,08-02-2024 00:00,#viral #funny,469720,23486,46759,28303,20.98%,-0.18,0,98548,High Engagement
SM_100268,X,text,Text,Sports,hi,Pakistan,06-09-2024 00:00,#fyp #music #trending,285777,31753,26662,39953,34.42%,0.3,0,98368,High Engagement
SM_100034,Instagram,carousel,Carousel,Education,en,UK,07-05-2024 00:00,#tech #ai #music,1286498,44362,23781,30081,7.63%,0.3,0,98224,High Engagement
SM_101175,TikTok,video,Video,Sports,es,US,20-10-2024 00:00,#ai #trending,151290,15129,2082,79444,63.89%,-0.71,0,96655,High Engagement
SM_100599,X,text,Text,Sports,en,Pakistan,05-04-2024 00:00,#funny #viral,619237,21353,48568,26391,15.55%,-0.21,0,96312,High Engagement
SM_101977,X,carousel,Carousel,Entertainment,es,Brazil,09-02-2024 00:00,#funny #tech #viral #ai #news,436282,19831,10136,66325,22.07%,-0.67,0,96292,High Engagement
SM_101544,YouTube Shorts,text,Text,Education,fr,Brazil,02-07-2024 00:00,#viral #ai #funny #trending #fyp,1760780,62885,10519,22739,5.46%,-0.82,0,96143,High Engagement
SM_101200,TikTok,text,Text,Sports,ur,India,28-09-2024 00:00,#trending #music #viral,690914,40642,20250,34754,13.84%,0.98,0,95646,High Engagement
SM_100890,TikTok,video,Video,Lifestyle,ur,Pakistan,23-03-2024 00:00,#trending #ai #fyp #funny #news,1077608,76972,15601,2094,8.78%,0.48,0,94667,High Engagement
SM_101784,Instagram,image,Image,Lifestyle,fr,US,15-05-2024 00:00,#news #fyp #music #tech,275720,27572,40035,26850,34.26%,0.05,0,94457,High Engagement
SM_101843,YouTube Shorts,carousel,Carousel,Lifestyle,ur,Brazil,03-05-2024 00:00,#news #trending,1752400,67400,6014,20843,5.38%,0.2,0,94257,High Engagement
SM_101321,Instagram,image,Image,Education,ur,India,30-06-2024 00:00,#news #trending #funny #tech,892782,33066,27782,32568,10.46%,0.24,0,93416,High Engagement
SM_101146,X,carousel,Carousel,Education,ur,US,02-01-2024 00:00,#ai #trending,753407,39653,48606,4923,12.37%,-0.46,0,93182,High Engagement
SM_100183,TikTok,image,Image,Sports,es,US,15-02-2024 00:00,#fyp #ai #viral,417339,46371,8157,38519,22.30%,-0.64,0,93047,High Engagement
SM_101318,X,video,Video,Politics,en,Pakistan,23-03-2024 00:00,#fyp #ai #tech,190825,7633,15108,70153,48.68%,-1,0,92894,High Engagement
SM_100019,Instagram,text,Text,Politics,es,Pakistan,03-09-2024 00:00,#trending #news,1374352,49084,40779,2569,6.73%,-0.21,0,92432,High Engagement
SM_101935,YouTube Shorts,carousel,Carousel,Entertainment,es,Brazil,29-06-2024 00:00,#fyp #trending,444206,31729,37584,22959,20.77%,0.61,0,92272,High Engagement
SM_101272,Instagram,text,Text,Lifestyle,fr,Pakistan,21-02-2024 00:00,#music #trending #fyp #tech #news,444142,26126,27677,38418,20.76%,-0.82,0,92221,High Engagement
SM_100904,YouTube Shorts,text,Text,Entertainment,en,UK,30-10-2024 00:00,#tech #ai,233480,23348,23629,43517,38.76%,0.6,0,90494,High Engagement
SM_100944,X,video,Video,Entertainment,fr,India,10-11-2024 00:00,#ai #music,548028,42156,33277,14672,16.44%,-0.03,0,90105,High Engagement
SM_100074,Instagram,image,Image,Technology,ur,US,02-06-2024 00:00,#trending #funny,227409,10829,34182,45018,39.59%,0.7,0,90029,High Engagement
SM_100799,YouTube Shorts,image,Image,Lifestyle,fr,UK,07-01-2024 00:00,#trending #news #fyp #ai,303863,43409,1937,44255,29.49%,-0.67,0,89601,High Engagement
SM_101140,Instagram,carousel,Carousel,Lifestyle,en,Brazil,20-10-2024 00:00,#tech #ai,1086723,40249,21169,27527,8.18%,-0.47,0,88945,High Engagement
SM_101617,YouTube Shorts,video,Video,Politics,fr,US,15-09-2024 00:00,#news #trending #viral #ai,714560,71456,14297,3053,12.43%,-0.39,0,88806,High Engagement
SM_100968,X,carousel,Carousel,Sports,hi,India,07-10-2024 00:00,#news #viral #tech,1091684,49622,33630,4887,8.07%,0.92,0,88139,High Engagement
SM_100713,YouTube Shorts,carousel,Carousel,Education,fr,Brazil,17-01-2024 00:00,#ai #viral #news #fyp #trending,404001,44889,26091,16860,21.74%,0.59,0,87840,High Engagement
SM_100006,X,text,Text,Education,hi,UK,09-06-2024 00:00,#tech #ai,65481,2847,194,84655,133.93%,-0.24,0,87696,High Engagement
SM_100353,YouTube Shorts,video,Video,Sports,hi,India,28-08-2024 00:00,#tech #fyp #funny #viral,529700,26485,38163,23020,16.55%,0.09,0,87668,High Engagement
SM_100375,Instagram,text,Text,Education,fr,Brazil,10-09-2024 00:00,#viral #funny #fyp #tech,373890,24926,35203,26631,23.20%,0.79,0,86760,High Engagement
SM_100838,TikTok,text,Text,Technology,es,US,26-06-2024 00:00,#trending #funny #viral #fyp #ai,309424,38678,24922,22319,27.77%,0.93,0,85919,High Engagement
SM_100478,Instagram,carousel,Carousel,Sports,ur,Pakistan,09-12-2024 00:00,#news #music #funny,94338,10482,4442,70972,91.05%,-0.22,0,85896,High Engagement
SM_101638,X,image,Image,Technology,en,Pakistan,16-10-2024 00:00,#funny #music #viral,1060227,50487,23109,12225,8.09%,-0.14,0,85821,High Engagement
SM_101228,TikTok,image,Image,Sports,ur,India,01-12-2024 00:00,#tech #funny #news #music,310369,18257,32162,35316,27.62%,-0.77,0,85735,High Engagement
SM_100949,X,carousel,Carousel,Education,en,US,16-05-2024 00:00,#funny #news,34356,2863,27379,55481,249.51%,0.94,0,85723,High Engagement
SM_101713,YouTube Shorts,carousel,Carousel,Lifestyle,fr,UK,29-03-2024 00:00,#music #fyp #ai #news,367920,45990,6799,32889,23.29%,0.55,0,85678,High Engagement
SM_101189,TikTok,carousel,Carousel,Entertainment,fr,UK,14-02-2024 00:00,#tech #news #viral,430296,53787,2781,27565,19.55%,0.23,0,84133,High Engagement
SM_100093,X,carousel,Carousel,Entertainment,en,India,05-01-2024 00:00,#ai #music #fyp #news,1750190,67315,3511,13285,4.81%,-0.97,0,84111,Low Engagement
SM_100636,X,text,Text,Politics,hi,US,10-10-2024 00:00,#news #funny #trending,768555,28465,7235,48201,10.92%,0.07,0,83901,High Engagement
SM_101620,X,video,Video,Sports,fr,Pakistan,24-10-2024 00:00,#trending #news,1786320,66160,9084,8400,4.68%,-0.01,0,83644,Low Engagement
SM_100605,Instagram,carousel,Carousel,Sports,es,UK,19-01-2024 00:00,#tech #music,145860,6630,11121,65795,57.28%,-0.66,0,83546,High Engagement
SM_101855,Instagram,video,Video,Technology,es,UK,09-10-2024 00:00,#tech #fyp #viral #news,893684,47036,27755,8594,9.33%,0.01,0,83385,High Engagement
SM_101597,TikTok,video,Video,Politics,es,US,20-09-2024 00:00,#ai #news #tech,1711725,68469,5290,9590,4.87%,0.73,0,83349,Low Engagement
SM_101410,X,image,Image,Technology,ur,India,15-03-2024 00:00,#ai #trending #viral #fyp #news,524056,20156,7387,55740,15.89%,-0.86,0,83283,High Engagement
SM_101368,YouTube Shorts,text,Text,Politics,ur,Brazil,17-12-2024 00:00,#fyp #music #ai,339960,33996,19899,28900,24.35%,-0.78,0,82795,High Engagement
SM_100807,YouTube Shorts,text,Text,Education,hi,UK,06-05-2024 00:00,#funny #fyp #viral #tech #ai,1165027,68531,5371,8712,7.09%,0.71,0,82614,High Engagement
SM_101822,Instagram,image,Image,Lifestyle,ur,UK,07-03-2024 00:00,#viral #trending #ai #funny,625452,52121,29097,1243,13.18%,-0.27,0,82461,High Engagement
SM_100015,TikTok,video,Video,Technology,en,Brazil,29-01-2024 00:00,#tech #trending #funny #music,314118,11634,29132,40398,25.84%,0.04,0,81164,High Engagement
SM_101086,TikTok,image,Image,Technology,hi,US,11-05-2024 00:00,#trending #news #tech,728028,26001,23581,31509,11.14%,-0.77,0,81091,High Engagement
SM_101110,Instagram,text,Text,Education,en,Pakistan,06-06-2024 00:00,#tech #music #viral #funny #news,674521,29327,43899,7567,11.98%,0.55,0,80793,High Engagement
SM_101971,X,text,Text,Entertainment,fr,Brazil,16-08-2024 00:00,#trending #music,266287,38041,17278,25369,30.30%,0.42,0,80688,High Engagement
SM_100851,TikTok,video,Video,Entertainment,ur,US,07-08-2024 00:00,#fyp #funny,399881,13789,32939,33277,20.01%,-0.45,0,80005,High Engagement
SM_100707,Instagram,video,Video,Lifestyle,ur,India,01-05-2024 00:00,#fyp #music #tech #viral #funny,871056,37872,26767,13284,8.95%,0.57,0,77923,High Engagement
SM_101119,X,image,Image,Politics,ur,US,14-09-2024 00:00,#news #funny,1014050,59650,14541,3559,7.67%,0.67,0,77750,High Engagement
SM_101954,Instagram,carousel,Carousel,Politics,hi,UK,02-11-2024 00:00,#music #ai #viral #trending #news,119637,4431,44653,28550,64.89%,0.83,0,77634,High Engagement
SM_100539,TikTok,image,Image,Entertainment,en,US,25-10-2024 00:00,#fyp #funny #ai #viral,1751360,67360,1381,8707,4.42%,0.13,0,77448,Low Engagement
SM_101945,YouTube Shorts,image,Image,Entertainment,hi,US,06-04-2024 00:00,#viral #trending #news,560973,26713,47273,3197,13.76%,0.15,0,77183,High Engagement
SM_101715,Instagram,image,Image,Education,hi,India,18-01-2024 00:00,#trending #ai #funny,326480,11660,32468,31664,23.21%,-0.22,0,75792,High Engagement
SM_101980,TikTok,image,Image,Politics,en,India,01-03-2024 00:00,#tech #ai #viral #funny #fyp,611211,32169,16210,27332,12.39%,0.86,0,75711,High Engagement
SM_101547,Instagram,text,Text,Politics,es,UK,02-11-2024 00:00,#viral #trending,823056,31656,21974,21877,9.17%,0.08,0,75507,High Engagement
SM_100214,TikTok,image,Image,Technology,fr,Brazil,19-06-2024 00:00,#news #funny #fyp #ai #music,283650,11346,45563,18382,26.54%,0.81,0,75291,High Engagement
SM_101404,TikTok,text,Text,Education,ur,Pakistan,27-02-2024 00:00,#music #news #viral,19644,3274,35403,35930,379.80%,0.38,0,74607,High Engagement
SM_100238,YouTube Shorts,video,Video,Entertainment,ur,US,17-01-2024 00:00,#funny #trending #fyp #viral,171570,8170,8671,57762,43.48%,0.17,0,74603,High Engagement
SM_101298,Instagram,video,Video,Sports,ur,Brazil,11-01-2024 00:00,#tech #fyp,369450,14778,47209,12022,20.03%,-0.88,0,74009,High Engagement
SM_101489,Instagram,text,Text,Lifestyle,hi,UK,16-01-2024 00:00,#trending #viral #funny #ai,8294,754,17148,55935,890.25%,0.52,0,73837,High Engagement
SM_100572,Instagram,carousel,Carousel,Education,ur,Brazil,22-06-2024 00:00,#viral #funny,686736,42921,13498,17070,10.70%,-0.73,0,73489,High Engagement
SM_100489,X,carousel,Carousel,Education,es,Pakistan,07-08-2024 00:00,#funny #tech #fyp,683536,40208,23568,7968,10.50%,0.87,0,71744,High Engagement
SM_100122,Instagram,carousel,Carousel,Sports,hi,India,11-06-2024 00:00,#music #fyp #tech #ai,141720,9448,23719,38103,50.29%,0.41,0,71270,High Engagement
SM_101619,YouTube Shorts,video,Video,Sports,hi,India,03-07-2024 00:00,#ai #funny #music,229728,9572,3732,57603,30.87%,0.43,0,70907,High Engagement
SM_101633,Instagram,carousel,Carousel,Entertainment,en,US,28-02-2024 00:00,#viral #music #funny,297204,49534,1086,20270,23.85%,0.35,0,70890,High Engagement
SM_100319,Instagram,video,Video,Lifestyle,en,Brazil,06-04-2024 00:00,#trending #tech,452413,34801,17769,17675,15.53%,-0.22,0,70245,High Engagement
SM_101953,TikTok,video,Video,Technology,hi,US,10-11-2024 00:00,#funny #trending #tech #fyp,387585,35235,6701,27863,18.01%,-0.65,0,69799,High Engagement
SM_101462,Instagram,text,Text,Technology,ur,US,22-05-2024 00:00,#music #trending #fyp #news,739854,27402,11288,30936,9.41%,0.01,0,69626,High Engagement
SM_101295,TikTok,text,Text,Education,fr,Pakistan,17-01-2024 00:00,#news #trending,521712,21738,1078,46512,13.29%,0.4,0,69328,High Engagement
SM_101109,Instagram,carousel,Carousel,Politics,fr,Brazil,17-02-2024 00:00,#viral #funny #music #news,92956,5468,4626,58830,74.15%,-0.55,0,68924,High Engagement
SM_101296,YouTube Shorts,carousel,Carousel,Technology,hi,Brazil,07-06-2024 00:00,#funny #music #news #fyp #trending,853180,29420,4345,34925,8.05%,0.59,0,68690,High Engagement
SM_101886,TikTok,carousel,Carousel,Sports,en,India,11-04-2024 00:00,#ai #news #tech,530840,26542,16417,25597,12.91%,0.35,0,68556,High Engagement
SM_101646,X,text,Text,Sports,ur,US,23-06-2024 00:00,#fyp #funny,246148,17582,9323,41257,27.69%,-0.89,0,68162,High Engagement
SM_100699,Instagram,image,Image,Sports,es,India,31-12-2024 00:00,#fyp #viral,81360,8136,31783,27735,83.15%,0.21,0,67654,High Engagement
SM_100991,YouTube Shorts,video,Video,Technology,hi,UK,04-08-2024 00:00,#funny #fyp #trending #music #tech,201492,11194,22428,33419,33.27%,-0.26,0,67041,High Engagement
SM_101212,X,carousel,Carousel,Politics,es,India,09-07-2024 00:00,#trending #news #funny #fyp #viral,468207,17341,23159,25626,14.12%,0.17,0,66126,High Engagement
SM_101830,YouTube Shorts,carousel,Carousel,Politics,fr,US,24-06-2024 00:00,#ai #music #viral #fyp #trending,114312,10392,26846,28366,57.39%,-0.75,0,65604,High Engagement
SM_100021,TikTok,carousel,Carousel,Lifestyle,fr,Pakistan,21-01-2024 00:00,#viral #trending,197204,14086,12671,38661,33.17%,-0.28,0,65418,High Engagement
SM_101903,TikTok,image,Image,Politics,en,Pakistan,30-09-2024 00:00,#news #fyp #trending #ai,201666,10614,47461,7234,32.38%,0.75,0,65309,High Engagement
SM_101184,X,image,Image,Education,en,Brazil,10-11-2024 00:00,#music #fyp #viral #trending #ai,67968,7552,41491,14860,94.02%,0.15,0,63903,High Engagement
SM_100997,Instagram,text,Text,Sports,es,India,26-03-2024 00:00,#funny #viral #tech #news #ai,271432,19388,13293,29878,23.05%,0.11,0,62559,High Engagement
SM_101623,TikTok,image,Image,Technology,ur,Brazil,04-03-2024 00:00,#tech #ai,116275,4651,2828,54881,53.63%,0.34,0,62360,High Engagement
SM_101988,TikTok,image,Image,Technology,ur,UK,06-06-2024 00:00,#ai #tech,30132,5022,4397,52336,204.95%,-0.64,0,61755,High Engagement
SM_101126,YouTube Shorts,video,Video,Technology,hi,Pakistan,02-08-2024 00:00,#trending #viral #music #funny,456291,50699,6014,4553,13.43%,0.8,0,61266,High Engagement
SM_101007,TikTok,image,Image,Education,ur,Brazil,30-12-2024 00:00,#tech #viral #news #ai,281787,25617,13122,22251,21.64%,0,0,60990,High Engagement
SM_100672,Instagram,image,Image,Politics,en,UK,10-07-2024 00:00,#fyp #tech #music #viral,306488,38311,17378,3745,19.39%,-0.26,0,59434,High Engagement
SM_101779,YouTube Shorts,image,Image,Politics,es,UK,24-06-2024 00:00,#news #trending #ai,5516,394,32541,24597,1043.00%,0.45,0,57532,High Engagement
SM_100205,YouTube Shorts,video,Video,Technology,en,US,03-12-2024 00:00,#trending #ai #tech #music #news,221742,12319,240,42930,25.02%,0.87,0,55489,High Engagement
SM_100305,X,carousel,Carousel,Sports,hi,India,08-08-2024 00:00,#viral #ai,558161,32833,20149,2051,9.86%,-0.29,0,55033,High Engagement
SM_100764,Instagram,carousel,Carousel,Education,fr,India,27-01-2024 00:00,#trending #ai #tech,18856,2357,27369,24973,290.09%,0.7,0,54699,High Engagement
SM_101366,YouTube Shorts,text,Text,Sports,en,US,27-03-2024 00:00,#music #viral #fyp,216400,27050,23493,216,23.46%,0.03,0,50759,High Engagement
SM_100941,X,video,Video,Technology,es,Pakistan,24-06-2024 00:00,#funny #tech #news,4380,292,36418,12817,1130.75%,-0.86,0,49527,High Engagement
SM_101490,X,text,Text,Technology,fr,US,27-06-2024 00:00,#tech #music #fyp #news #funny,554553,29187,11623,8447,8.88%,-0.63,0,49257,High Engagement
SM_100037,YouTube Shorts,video,Video,Lifestyle,hi,UK,22-09-2024 00:00,#news #ai,354770,13645,668,34767,13.83%,-0.56,0,49080,High Engagement
SM_100665,TikTok,text,Text,Technology,hi,India,12-05-2024 00:00,#fyp #funny #music #news #tech,332310,22154,4497,22208,14.70%,-0.91,0,48859,High Engagement
SM_101419,X,image,Image,Politics,en,US,23-04-2024 00:00,#news #ai #viral,434512,33424,13398,1553,11.13%,0.78,0,48375,High Engagement
SM_100055,X,text,Text,Entertainment,es,India,27-02-2024 00:00,#trending #news #fyp #tech #ai,95925,6395,12188,29300,49.92%,0.87,0,47883,High Engagement
SM_100702,Instagram,image,Image,Education,en,India,12-02-2024 00:00,#tech #news #viral #ai,584136,27816,3241,15849,8.03%,0.07,0,46906,High Engagement
SM_100088,YouTube Shorts,image,Image,Sports,fr,Pakistan,15-09-2024 00:00,#viral #fyp #trending #music #tech,872559,32317,8313,5950,5.34%,-0.14,0,46580,High Engagement
SM_101918,YouTube Shorts,image,Image,Technology,fr,US,05-12-2024 00:00,#trending #news,28370,5674,38184,1588,160.19%,0.86,0,45446,High Engagement
SM_101290,X,video,Video,Sports,hi,Brazil,14-12-2024 00:00,#tech #viral #trending #ai,288560,28856,6045,10305,15.67%,-0.29,0,45206,High Engagement
SM_101235,X,carousel,Carousel,Lifestyle,en,Brazil,15-08-2024 00:00,#viral #trending #fyp,24585,1639,25493,17028,179.62%,0.4,0,44160,High Engagement
SM_101338,X,text,Text,Lifestyle,es,US,27-04-2024 00:00,#news #viral #tech #funny #music,269720,13486,6226,23475,16.01%,-0.34,0,43187,High Engagement
SM_100017,Instagram,image,Image,Lifestyle,hi,India,15-03-2024 00:00,#ai #viral #funny #trending,271672,9368,21276,12186,15.77%,-0.44,0,42830,High Engagement
SM_101744,TikTok,image,Image,Lifestyle,hi,UK,10-05-2024 00:00,#ai #fyp #funny #trending #music,147015,13365,5429,20626,26.81%,-0.16,0,39420,High Engagement
SM_100863,TikTok,image,Image,Politics,es,Brazil,23-12-2024 00:00,#trending #news #ai #viral #fyp,147494,5086,32303,1482,26.35%,-0.69,0,38871,High Engagement
SM_100744,TikTok,carousel,Carousel,Entertainment,ur,India,12-10-2024 00:00,#news #ai #fyp #music,456030,25335,164,12146,8.25%,-0.07,0,37645,High Engagement
SM_100184,Instagram,text,Text,Lifestyle,en,US,02-08-2024 00:00,#funny #trending #fyp,18592,1162,29931,6230,200.75%,-0.53,0,37323,High Engagement
SM_100703,TikTok,image,Image,Lifestyle,ur,India,06-06-2024 00:00,#viral #music,233712,8656,21305,5499,15.17%,-0.12,0,35460,High Engagement
SM_101155,X,image,Image,Lifestyle,ur,US,09-11-2024 00:00,#fyp #ai #news #funny #viral,130676,5026,25768,3970,26.60%,-0.75,0,34764,High Engagement
SM_100073,X,video,Video,Entertainment,hi,US,04-03-2024 00:00,#tech #viral #ai #news,24684,4114,11098,18071,134.84%,-0.49,0,33283,High Engagement
SM_101488,TikTok,image,Image,Lifestyle,es,US,14-03-2024 00:00,#trending #fyp #viral,74568,5736,11598,2893,27.13%,-0.74,0,20227,High Engagement
SM_100109,TikTok,text,Text,Sports,en,India,10-11-2024 00:00,#music #fyp #tech,91504,11438,417,7544,21.20%,-0.16,0,19399,High Engagement
